Class Name;ATFD;CBO;DAC;DIT;CHD;CHEF;CHER;CHL;CHVC;CHVL;LCOM;CMI;MPC;NCSS;NOAC;NOAM;NOA;SIZE2;NOC;NOM;NOO;NOOM;NOPA;RFC;TCC;WOC;WMC
com.naman14.timber.MusicPlayer;0;42;2;1;194.7375;2184261.831;5.6115;1466;201;11216.4418;6;9.7481;0;412;0;57;4;73;0;57;69;0;0;103;0.5746;1.0;197
com.naman14.timber.MusicPlayer.ServiceBinder;1;1;2;1;13.5;2567.2253;0.0625;44;20;190.1648;1;55.933;4;11;0;2;2;21;N/A;3;19;0;0;6;1.0;1.0;5
com.naman14.timber.MusicPlayer.ServiceToken;0;2;1;1;2.0;46.5293;0.0043;9;6;23.2647;0;80.0573;0;1;0;0;1;14;N/A;1;13;0;1;1;0.0;0.0;1
com.naman14.timber.MusicService;0;34;24;4;877.0576;47270518.5488;43.5785;5476;918;53896.7105;1;0.0;5;1396;4;100;208;473;0;105;367;5;0;346;0.207;0.9619;467
com.naman14.timber.MusicService.MediaStoreObserver;0;1;1;2;12.75;1845.6133;0.0502;32;23;144.754;2;59.7378;5;6;0;1;2;24;0;3;22;1;0;8;0.0;1.0;3
com.naman14.timber.MusicService.MultiPlayer;4;3;4;1;101.0526;202535.4526;1.1496;303;98;2004.2571;1;29.3194;53;92;2;17;6;38;N/A;18;32;0;0;53;0.7279;0.8824;35
com.naman14.timber.MusicService.MusicPlayerHandler;5;4;1;2;62.6111;89465.0398;0.6668;218;94;1428.9004;1;34.1437;33;88;0;0;2;51;N/A;2;51;1;0;27;0.0;1.0;24
com.naman14.timber.MusicService.ServiceStub;1;3;1;1;111.7895;258572.1846;1.3529;368;78;2313.028;1;26.6309;90;45;0;44;1;58;N/A;45;57;0;0;92;1.0;1.0;45
com.naman14.timber.MusicService.Shuffler;1;1;3;1;41.7273;17874.4841;0.2279;78;45;428.3645;1;51.9955;12;17;0;2;4;19;N/A;3;15;0;0;17;1.0;1.0;9
com.naman14.timber.MusicService.TrackErrorExtra;N/A;N/A;N/A;N/A;N/A;N/A;N/A;N/A;N/A;N/A;N/A;0.0;N/A;N/A;N/A;N/A;N/A;N/A;N/A;N/A;N/A;N/A;N/A;N/A;N/A;N/A;N/A
com.naman14.timber.MusicService.TrackErrorInfo;0;2;1;1;3.0;129.5552;0.0085;13;10;43.1851;0;75.4291;0;2;0;0;2;15;N/A;1;13;0;2;1;0.0;0.0;1
com.naman14.timber.TimberApp;3;5;1;5;38.75;24473.0704;0.281;115;45;631.5631;1;41.3439;47;24;0;1;94;259;0;2;259;1;0;22;1.0;0.5;7
com.naman14.timber.WearBrowserService;6;17;4;5;40.3778;74101.2206;0.5881;282;91;1835.1981;2;27.8066;59;95;0;8;116;300;0;11;287;3;0;40;0.1818;0.9091;32
com.naman14.timber.WearBrowserService.MediaSessionCallback;2;4;0;2;6.5;1179.8864;0.0372;42;20;181.521;10;50.1998;5;5;0;0;0;43;N/A;10;43;10;0;14;0.0;1.0;10
com.naman14.timber.activities.BaseActivity;1;23;7;9;117.0877;370369.8681;1.7191;437;151;3163.1829;6;23.8659;7;116;1;14;134;720;4;23;697;9;1;73;0.1344;0.9565;51
com.naman14.timber.activities.BaseActivity.PlaybackStatus;4;5;1;2;17.0625;5955.382;0.1095;67;37;349.0334;1;52.2107;14;20;0;1;1;34;N/A;2;33;0;0;13;0.0;1.0;8
com.naman14.timber.activities.BaseActivity.SessionManagerListenerImpl;1;2;0;2;15.5833;3172.1478;0.072;45;23;203.5603;4;50.7686;13;14;0;0;0;36;0;6;36;6;0;15;0.2;1.0;6
com.naman14.timber.activities.BaseActivity.initQuickControls;1;4;0;2;5.5;386.7822;0.0177;18;15;70.324;3;61.9312;4;4;0;1;2;30;0;3;31;2;0;7;0.0;1.0;3
com.naman14.timber.activities.BaseThemedActivity;1;4;0;9;5.5;284.9339;0.0144;14;13;51.8062;2;65.2334;3;3;0;0;126;684;2;2;669;2;0;5;0.0;1.0;2
com.naman14.timber.activities.DonateActivity;4;9;5;10;35.2188;35639.6055;0.361;161;78;1011.9498;3;31.4208;31;86;0;6;138;710;0;10;683;4;0;33;0.3556;1.0;30
com.naman14.timber.activities.MainActivity;3;26;10;10;108.8302;475595.8286;2.031;567;209;4370.0726;3;20.8355;161;210;0;9;154;759;0;18;716;9;0;95;0.1961;1.0;52
com.naman14.timber.activities.NowPlayingActivity;7;9;0;10;14.4444;5204.6581;0.1001;66;44;360.3225;6;46.8579;17;17;0;5;134;732;0;7;709;2;0;23;0.0476;1.0;9
com.naman14.timber.activities.PlaylistDetailActivity;4;20;9;10;116.5263;399771.9881;1.8089;456;184;3430.7443;6;25.6891;37;110;0;9;148;752;0;15;715;6;0;95;0.181;1.0;32
com.naman14.timber.activities.PlaylistDetailActivity.EnterTransitionListener;0;2;0;2;3.0;75.7986;0.006;9;7;25.2662;2;73.1438;1;1;0;0;0;24;0;2;24;2;0;3;0.0;1.0;2
com.naman14.timber.activities.PlaylistDetailActivity.loadLastAdded;2;4;0;2;6.4286;578.084;0.0231;22;17;89.9242;3;61.201;3;5;0;1;2;30;0;3;31;2;0;7;0.0;1.0;3
com.naman14.timber.activities.PlaylistDetailActivity.loadRecentlyPlayed;3;6;0;2;6.875;730.1125;0.027;25;19;106.1982;3;60.0158;4;6;0;1;2;30;0;3;31;2;0;9;0.0;1.0;3
com.naman14.timber.activities.PlaylistDetailActivity.loadTopTracks;3;6;0;2;6.875;730.1125;0.027;25;19;106.1982;3;60.0158;4;6;0;1;2;30;0;3;31;2;0;9;0.0;1.0;3
com.naman14.timber.activities.PlaylistDetailActivity.loadUserCreatedPlaylist;3;5;0;2;9.75;1199.1027;0.0376;28;21;122.9849;3;59.5883;6;6;0;1;2;30;0;3;31;2;0;10;0.0;1.0;3
com.naman14.timber.activities.SearchActivity;1;10;9;10;123.8542;293105.5861;1.4708;337;130;2366.538;3;31.2461;23;75;0;4;143;742;0;10;710;6;0;60;0.1778;1.0;24
com.naman14.timber.activities.SearchActivity.SearchTask;2;10;0;2;31.0556;15767.7484;0.2096;93;44;507.7271;2;45.8167;23;34;0;1;2;29;0;2;30;1;0;15;0.0;1.0;9
com.naman14.timber.activities.SettingsActivity;6;11;1;10;36.0345;28332.2938;0.3098;123;84;786.255;4;40.9246;45;40;0;2;127;691;0;4;675;2;0;40;0.0;1.0;12
com.naman14.timber.adapters.AlbumAdapter;2;10;2;2;35.3684;33539.4922;0.3467;150;80;948.2892;1;37.6595;10;48;0;4;5;52;0;5;47;0;0;28;0.6667;1.0;13
com.naman14.timber.adapters.AlbumAdapter.ItemHolder;3;5;3;2;10.8571;2503.9162;0.0615;47;30;230.6239;1;59.0704;10;7;0;1;37;79;0;2;57;0;0;9;0.0;1.0;2
com.naman14.timber.adapters.AlbumSongsAdapter;1;13;2;3;34.2;36113.407;0.3642;168;78;1055.9476;2;35.8053;7;63;0;2;6;63;0;8;57;5;0;19;0.7143;1.0;19
com.naman14.timber.adapters.AlbumSongsAdapter.ItemHolder;2;6;2;2;9.4545;1733.9495;0.0481;40;24;183.3985;1;55.6844;7;9;0;1;37;79;0;2;57;0;0;7;0.0;1.0;2
com.naman14.timber.adapters.ArtistAdapter;2;16;2;2;38.383;47210.0347;0.4354;189;91;1229.9732;1;33.8673;10;55;0;6;5;56;0;8;51;1;0;26;0.5238;1.0;21
com.naman14.timber.adapters.ArtistAdapter.ItemHolder;3;5;3;2;10.8571;2503.9162;0.0615;47;30;230.6239;1;59.0704;10;7;0;1;37;79;0;2;57;0;0;9;0.0;1.0;2
com.naman14.timber.adapters.ArtistAlbumAdapter;2;8;2;2;23.3824;15853.2353;0.2104;113;64;678.0;2;49.8268;10;13;0;3;4;50;0;4;46;0;0;15;0.3333;1.0;6
com.naman14.timber.adapters.ArtistAlbumAdapter.ItemHolder;3;5;3;2;10.8571;2503.9162;0.0615;47;30;230.6239;1;59.0704;10;7;0;1;37;79;0;2;57;0;0;9;0.0;1.0;2
com.naman14.timber.adapters.ArtistSongAdapter;1;19;2;3;58.3729;113483.8379;0.7813;284;115;1944.1192;2;30.3482;0;88;0;4;6;67;0;12;61;7;0;43;0.3455;1.0;26
com.naman14.timber.adapters.ArtistSongAdapter.ItemHolder;2;6;3;2;9.5;2054.0922;0.0539;46;26;216.2202;1;54.718;8;10;0;1;38;80;0;2;57;0;0;7;0.0;1.0;2
com.naman14.timber.adapters.ArtistSongAdapter.SpacesItemDecoration;1;1;0;2;4.375;227.0252;0.0124;15;11;51.8915;1;67.1345;0;2;0;0;1;22;0;2;21;1;0;2;0.0;1.0;2
com.naman14.timber.adapters.BaseQueueAdapter;0;16;3;2;52.0;68295.8981;0.5569;199;97;1313.3827;2;34.6278;8;69;0;6;6;55;0;7;49;0;0;34;0.6667;1.0;19
com.naman14.timber.adapters.BaseQueueAdapter.ItemHolder;1;5;3;2;10.9615;2424.0163;0.0602;46;28;221.1383;1;52.2676;8;14;0;1;38;80;0;2;57;0;0;7;0.0;1.0;2
com.naman14.timber.adapters.BaseSongAdapter;2;17;0;2;21.8077;9208.5034;0.1464;83;34;422.2594;7;47.6256;6;17;0;6;2;51;5;7;49;1;0;12;0.0;1.0;10
com.naman14.timber.adapters.BaseSongAdapter.ItemHolder;0;0;0;2;2.5;45.2368;0.0042;7;6;18.0947;0;80.8027;1;1;0;0;33;73;0;1;55;0;0;2;0.0;0.0;1
com.naman14.timber.adapters.FolderAdapter;2;13;4;3;96.9231;227819.4711;1.2434;338;124;2350.5184;2;30.9776;11;76;0;7;8;69;0;11;61;3;0;47;0.3778;1.0;32
com.naman14.timber.adapters.FolderAdapter.ItemHolder;3;8;2;2;16.6154;4500.9677;0.0909;52;37;270.8916;1;46.8028;11;37;0;1;35;77;0;2;57;0;0;13;0.0;1.0;11
com.naman14.timber.adapters.FolderAdapter.NavigateTask;1;3;0;2;11.6667;1765.2106;0.0487;33;24;151.3038;2;56.7003;8;10;0;1;2;30;0;3;31;2;0;11;0.3333;1.0;3
com.naman14.timber.adapters.PlayingQueueAdapter;0;16;3;2;53.5408;78951.609;0.6135;221;102;1474.606;2;34.7956;9;60;0;8;7;58;0;9;51;0;1;37;0.75;1.0;18
com.naman14.timber.adapters.PlayingQueueAdapter.ItemHolder;1;5;3;2;11.0;2752.7656;0.0655;51;30;250.2514;1;51.5481;9;15;0;1;39;81;0;2;57;0;0;7;0.0;1.0;2
com.naman14.timber.adapters.PlaylistAdapter;3;19;2;2;85.425;250933.0601;1.3261;408;147;2937.4663;1;26.8636;14;137;0;6;11;60;0;7;49;0;0;43;0.4;1.0;36
com.naman14.timber.adapters.PlaylistAdapter.ItemHolder;3;5;3;2;12.4688;3325.6989;0.0743;52;35;266.7227;1;59.3865;14;7;0;1;37;79;0;2;57;0;0;12;0.0;1.0;2
com.naman14.timber.adapters.SearchAdapter;4;22;2;3;50.3012;126340.5576;0.8393;356;133;2511.6805;3;28.331;20;91;0;2;4;61;0;8;57;5;0;34;0.4762;1.0;30
com.naman14.timber.adapters.SearchAdapter.ItemHolder;5;10;2;2;15.4688;8902.0916;0.1432;100;54;575.4888;1;45.2338;20;30;0;1;43;85;0;2;57;0;0;12;0.0;1.0;7
com.naman14.timber.adapters.SlidingQueueAdapter;0;11;2;2;32.25;25310.8047;0.2874;126;75;784.8312;3;44.9771;4;21;0;5;6;54;0;6;48;0;0;24;0.3;1.0;9
com.naman14.timber.adapters.SlidingQueueAdapter.ItemHolder;0;4;1;2;9.8;1040.7422;0.0342;25;19;106.1982;1;53.8249;4;12;0;1;34;76;0;2;57;0;0;7;0.0;1.0;2
com.naman14.timber.adapters.SongsListAdapter;0;24;3;3;69.7794;163448.0681;0.9965;332;133;2342.3538;1;28.0192;12;113;1;7;11;74;0;13;63;5;1;46;0.6212;0.9167;37
com.naman14.timber.adapters.SongsListAdapter.ItemHolder;1;7;3;2;10.9615;2424.0163;0.0602;46;28;221.1383;1;51.5906;8;14;0;1;38;80;0;2;57;0;0;7;0.0;1.0;2
com.naman14.timber.cast.CastOptionsProvider;2;3;0;1;10.5;2266.9835;0.0575;44;30;215.9032;2;53.4671;14;9;0;2;0;16;0;2;16;0;0;18;0.0;1.0;2
com.naman14.timber.cast.ExpandedControlsActivity;3;5;0;9;11.3333;1384.21;0.0414;27;23;122.1362;2;61.7568;8;6;0;0;163;737;0;2;685;2;0;10;0.0;1.0;2
com.naman14.timber.cast.SimpleSessionManagerListener;0;1;0;1;0.0;0.0;0.0;26;6;67.209;9;59.5358;0;0;0;9;0;30;1;9;30;0;0;9;0.0;1.0;9
com.naman14.timber.cast.TimberCastHelper;4;4;0;1;16.3226;7292.5666;0.1254;78;53;446.7778;1;49.0797;18;19;0;1;0;13;0;1;13;0;0;19;0.0;1.0;3
com.naman14.timber.cast.WebServer;2;3;2;2;22.68;11247.8796;0.1673;87;52;495.9383;1;45.0024;18;30;0;0;22;46;0;2;50;1;0;18;0.0;1.0;8
com.naman14.timber.dataloaders.AlbumLoader;1;9;0;1;44.3793;42278.9001;0.4045;160;62;952.6714;1;44.0719;35;26;0;6;0;18;0;6;18;0;0;24;0.0;1.0;15
com.naman14.timber.dataloaders.AlbumSongLoader;1;4;0;1;23.4706;15092.8369;0.2036;108;62;643.0532;1;47.2419;16;26;0;2;1;15;0;2;14;0;0;15;0.0;1.0;7
com.naman14.timber.dataloaders.ArtistAlbumLoader;1;4;0;1;8.25;962.7095;0.0325;27;20;116.6921;1;61.817;2;10;0;1;0;13;0;1;13;0;0;4;0.0;1.0;4
com.naman14.timber.dataloaders.ArtistLoader;1;9;0;1;44.88;38384.3033;0.3793;146;58;855.2652;1;44.3987;31;26;0;6;0;18;0;6;18;0;0;24;0.0;1.0;15
com.naman14.timber.dataloaders.ArtistSongLoader;1;5;0;1;20.7188;11408.7841;0.1689;94;58;550.6502;1;49.3472;16;22;0;2;0;14;0;2;14;0;0;15;0.0;1.0;6
com.naman14.timber.dataloaders.FolderLoader;0;5;1;1;36.0;30744.9424;0.3271;144;61;854.0262;1;41.9909;4;35;0;4;1;17;0;4;16;0;0;20;0.0;1.0;23
com.naman14.timber.dataloaders.FolderLoader.DirFirstComparator;0;1;0;1;9.8;1165.6313;0.0369;28;19;118.942;1;64.4904;4;5;0;1;0;22;0;1;31;0;0;2;0.0;1.0;4
com.naman14.timber.dataloaders.FolderLoader.FilenameComparator;0;1;0;1;4.5;186.8093;0.0109;12;11;41.5132;1;75.574;3;1;0;1;0;22;0;1;31;0;0;3;0.0;1.0;1
com.naman14.timber.dataloaders.LastAddedLoader;3;5;1;1;28.9773;24770.1987;0.2832;136;78;854.8147;1;44.5047;23;32;0;2;1;15;0;2;14;0;0;20;0.0;1.0;7
com.naman14.timber.dataloaders.NowPlayingCursor;6;3;3;2;109.4778;278015.1659;1.4199;379;104;2539.4667;1;27.4112;39;108;1;11;15;135;0;17;125;5;0;45;0.5917;0.9375;39
com.naman14.timber.dataloaders.PlaylistLoader;4;8;2;1;34.5;29822.4805;0.3206;142;68;864.4197;1;42.0817;24;32;0;4;2;18;0;4;16;0;0;22;0.3333;1.0;9
com.naman14.timber.dataloaders.PlaylistSongLoader;4;5;2;1;70.5804;156543.1835;0.9682;329;107;2217.9426;1;30.328;60;81;0;4;3;19;0;4;16;0;0;28;1.0;1.0;24
com.naman14.timber.dataloaders.QueueLoader;0;6;1;1;19.0;8401.2305;0.1378;82;42;442.17;1;51.5556;12;21;0;1;1;14;0;1;13;0;0;11;0.0;1.0;5
com.naman14.timber.dataloaders.SongLoader;5;15;0;1;69.2143;177187.1455;1.0516;370;121;2559.9794;2;30.8292;61;82;0;11;1;24;1;11;23;0;0;36;0.0364;1.0;26
com.naman14.timber.dataloaders.SortedCursor;1;2;3;2;98.75;133051.7117;0.8687;215;77;1347.3591;2;32.374;35;51;1;13;13;132;0;16;124;2;0;46;0.5619;0.9333;26
com.naman14.timber.dataloaders.TopTracksLoader;0;10;2;2;83.4167;100543.58;0.7207;198;68;1205.3176;1;37.3844;34;58;0;4;4;20;0;5;28;0;0;27;0.1667;1.0;19
com.naman14.timber.dataloaders.TopTracksLoader.QueryType;N/A;N/A;N/A;N/A;N/A;N/A;N/A;N/A;N/A;N/A;N/A;0.0;N/A;0;N/A;N/A;N/A;N/A;N/A;N/A;N/A;N/A;N/A;N/A;N/A;N/A;N/A
com.naman14.timber.dialogs.AddPlaylistDialog;1;13;0;3;22.5;8382.0367;0.1375;70;40;372.535;2;48.3769;13;24;0;2;74;270;0;3;216;1;0;15;0.0;1.0;5
com.naman14.timber.dialogs.CreatePlaylistDialog;2;5;0;3;14.5667;4372.3351;0.0891;59;34;300.1603;2;46.9501;9;27;0;3;74;271;0;4;217;1;0;13;0.0;1.0;9
com.naman14.timber.dialogs.LastFmLoginDialog;2;7;1;3;7.5;823.5595;0.0293;25;21;109.8079;1;52.4226;9;15;0;0;12;152;0;1;153;1;0;10;0.0;1.0;4
com.naman14.timber.dialogs.StorageSelectDialog;0;5;3;1;19.7368;7865.8916;0.1318;73;44;398.5385;3;46.6073;11;17;0;4;3;21;0;5;18;0;0;17;0.1667;1.0;6
com.naman14.timber.dialogs.StorageSelectDialog.OnDirSelectListener;N/A;N/A;N/A;N/A;N/A;N/A;N/A;N/A;N/A;N/A;N/A;0.0;N/A;N/A;N/A;N/A;N/A;N/A;N/A;N/A;N/A;N/A;N/A;N/A;N/A;N/A;N/A
com.naman14.timber.fragments.AlbumDetailFragment;0;25;12;2;82.5316;219086.5679;1.2114;363;159;2654.5765;3;24.4894;2;141;0;7;72;259;0;13;197;6;0;69;0.3077;1.0;36
com.naman14.timber.fragments.AlbumDetailFragment.EnterTransitionListener;1;3;0;2;4.375;211.8902;0.0118;14;11;48.432;1;69.6998;2;2;0;0;0;24;0;2;24;2;0;4;1.0;1.0;2
com.naman14.timber.fragments.AlbumFragment;0;17;6;2;53.7115;94770.0373;0.6929;265;101;1764.426;3;32.692;7;74;0;4;62;245;0;9;193;5;0;41;0.3056;1.0;19
com.naman14.timber.fragments.AlbumFragment.SpacesItemDecoration;1;1;0;2;7.0;639.6356;0.0247;24;14;91.3765;1;63.4726;0;5;0;0;1;22;0;2;21;1;0;2;0.0;1.0;2
com.naman14.timber.fragments.AlbumFragment.loadAlbums;1;4;0;2;9.75;1076.0246;0.035;27;17;110.3615;2;58.6487;7;7;0;1;2;30;0;3;31;2;0;8;0.3333;1.0;5
com.naman14.timber.fragments.ArtistBioFragment;0;11;0;2;15.9722;5200.1704;0.1001;60;43;325.5759;1;47.0441;14;18;0;1;56;233;0;3;187;2;0;18;0.6667;1.0;4
com.naman14.timber.fragments.ArtistDetailFragment;0;25;5;2;73.3679;133441.0869;0.8704;259;130;1818.7933;3;30.0588;4;81;0;4;63;247;0;10;194;6;0;62;0.2222;1.0;26
com.naman14.timber.fragments.ArtistDetailFragment.setBlurredAlbumArt;1;2;0;2;10.6667;1535.5684;0.0444;31;25;143.9595;3;56.7726;4;8;0;1;2;30;0;3;31;2;0;7;0.0;1.0;6
com.naman14.timber.fragments.ArtistFragment;1;17;5;2;55.6354;94000.3586;0.6891;256;97;1689.5777;3;33.3834;0;68;0;4;61;244;0;9;193;5;0;40;0.3056;1.0;18
com.naman14.timber.fragments.ArtistFragment.SpacesItemDecoration;1;1;0;2;7.0;639.6356;0.0247;24;14;91.3765;1;63.4726;0;5;0;0;1;22;0;2;21;1;0;2;0.0;1.0;2
com.naman14.timber.fragments.ArtistFragment.loadArtists;1;4;0;2;14.0;2022.0135;0.0533;34;19;144.4295;2;56.7514;8;10;0;1;2;30;0;3;31;2;0;9;0.3333;1.0;6
com.naman14.timber.fragments.ArtistMusicFragment;4;9;2;2;26.325;13160.2096;0.1858;90;47;499.913;1;47.7666;18;20;0;2;58;236;0;4;188;2;0;22;0.5;1.0;5
com.naman14.timber.fragments.FoldersFragment;1;13;4;2;52.0833;63593.245;0.5311;190;86;1220.9903;5;38.4974;11;40;0;3;59;242;0;8;193;5;0;37;0.1429;1.0;13
com.naman14.timber.fragments.FoldersFragment.loadFolders;2;4;0;2;16.0;3195.2844;0.0723;42;27;199.7053;2;53.579;11;14;0;1;2;30;0;3;31;2;0;14;0.3333;1.0;5
com.naman14.timber.fragments.MainFragment;0;13;2;2;44.5312;47845.5457;0.4393;169;82;1074.4263;3;40.1646;6;36;0;1;57;238;0;7;191;6;0;38;0.2381;1.0;10
com.naman14.timber.fragments.MainFragment.Adapter;0;1;1;3;12.5;2086.3508;0.0544;38;21;166.9081;1;56.3436;6;6;0;3;11;57;0;5;51;1;0;10;0.6667;1.0;5
com.naman14.timber.fragments.PlaylistFragment;3;18;8;2;95.1087;270041.1971;1.3926;396;144;2839.2903;4;25.7382;46;139;0;7;67;256;0;15;199;8;0;70;0.4095;1.0;34
com.naman14.timber.fragments.PlaylistFragment.SpacesItemDecoration;1;1;0;2;7.0;639.6356;0.0247;24;14;91.3765;1;63.4726;0;5;0;0;1;22;0;2;21;1;0;2;0.0;1.0;2
com.naman14.timber.fragments.QueueFragment;2;11;2;2;41.3462;32075.627;0.3365;127;69;775.7826;5;45.8251;12;22;0;3;57;239;0;5;192;2;0;24;0.0;1.0;7
com.naman14.timber.fragments.QueueFragment.loadQueueSongs;3;9;0;2;24.0;4401.564;0.0895;40;24;183.3985;2;52.1098;12;16;0;1;2;30;0;3;31;2;0;15;0.3333;1.0;3
com.naman14.timber.fragments.SettingsFragment;1;11;5;3;32.0392;44520.8238;0.4187;212;94;1389.5728;3;29.0056;63;96;0;4;27;168;0;6;150;2;0;33;0.2667;1.0;12
com.naman14.timber.fragments.SimilarArtistFragment;0;8;0;2;14.5667;3975.1302;0.0836;52;38;272.8922;1;50.866;12;13;0;1;56;233;0;3;187;2;0;15;0.6667;1.0;4
com.naman14.timber.fragments.SongsFragment;1;16;3;2;37.8529;41003.0364;0.3964;175;73;1083.2193;6;36.8646;8;48;0;4;58;244;0;9;196;5;0;29;0.0556;1.0;16
com.naman14.timber.fragments.SongsFragment.loadSongs;2;5;0;2;10.8333;1518.6341;0.044;33;19;140.1816;2;59.1011;8;6;0;1;2;30;0;3;31;2;0;9;0.3333;1.0;5
com.naman14.timber.helpers.MediaButtonIntentReceiver;7;3;3;3;69.9141;158178.3486;0.9749;327;121;2262.4683;1;31.417;40;138;0;4;15;48;0;4;38;0;0;33;0.5;1.0;35
com.naman14.timber.helpers.MusicPlaybackTrack;1;7;2;1;24.8947;12137.1111;0.176;91;41;487.5372;2;46.9231;10;22;0;2;7;24;0;5;19;1;4;11;0.0;1.0;10
com.naman14.timber.lastfmapi.LastFmClient;2;25;8;1;62.9651;163197.6115;0.9955;362;143;2591.8734;1;33.4453;31;48;0;8;15;35;0;8;20;0;0;26;0.4643;1.0;13
com.naman14.timber.lastfmapi.LastFmClient.ScrobbleUploader;1;5;2;1;45.5208;55580.4961;0.4855;190;86;1220.9903;1;35.3378;27;76;0;2;3;18;0;3;15;0;0;22;1.0;1.0;23
com.naman14.timber.lastfmapi.LastFmRestService;N/A;N/A;N/A;N/A;N/A;N/A;N/A;N/A;N/A;N/A;N/A;0.0;N/A;N/A;N/A;N/A;N/A;N/A;N/A;N/A;N/A;N/A;N/A;N/A;N/A;N/A;N/A
com.naman14.timber.lastfmapi.LastFmUserRestService;N/A;N/A;N/A;N/A;N/A;N/A;N/A;N/A;N/A;N/A;N/A;0.0;N/A;N/A;N/A;N/A;N/A;N/A;N/A;N/A;N/A;N/A;N/A;N/A;N/A;N/A;N/A
com.naman14.timber.lastfmapi.RestServiceFactory;0;2;1;1;13.0909;3370.5555;0.0749;53;29;257.473;2;50.1446;12;10;0;2;2;16;0;2;14;0;0;15;0.0;1.0;3
com.naman14.timber.lastfmapi.callbacks.AlbumInfoListener;N/A;N/A;N/A;N/A;N/A;N/A;N/A;N/A;N/A;N/A;N/A;0.0;N/A;N/A;N/A;N/A;N/A;N/A;N/A;N/A;N/A;N/A;N/A;N/A;N/A;N/A;N/A
com.naman14.timber.lastfmapi.callbacks.ArtistInfoListener;N/A;N/A;N/A;N/A;N/A;N/A;N/A;N/A;N/A;N/A;N/A;0.0;N/A;N/A;N/A;N/A;N/A;N/A;N/A;N/A;N/A;N/A;N/A;N/A;N/A;N/A;N/A
com.naman14.timber.lastfmapi.callbacks.UserListener;N/A;N/A;N/A;N/A;N/A;N/A;N/A;N/A;N/A;N/A;N/A;0.0;N/A;N/A;N/A;N/A;N/A;N/A;N/A;N/A;N/A;N/A;N/A;N/A;N/A;N/A;N/A
com.naman14.timber.lastfmapi.models.AlbumBio;0;0;0;1;0.0;0.0;0.0;2;2;2.0;0;0.0;0;0;0;0;0;12;0;0;12;0;0;0;0.0;0.0;0
com.naman14.timber.lastfmapi.models.AlbumInfo;0;3;2;1;2.5;56.1471;0.0049;8;7;22.4588;0;0.0;0;0;0;0;2;14;0;0;12;0;1;0;0.0;0.0;0
com.naman14.timber.lastfmapi.models.AlbumQuery;0;2;1;1;3.0;239.8634;0.0129;21;14;79.9545;0;73.5795;0;2;0;0;4;17;0;1;13;0;2;1;0.0;0.0;1
com.naman14.timber.lastfmapi.models.AlbumTracks;0;0;0;1;0.0;0.0;0.0;2;2;2.0;0;0.0;0;0;0;0;0;12;0;0;12;0;0;0;0.0;0.0;0
com.naman14.timber.lastfmapi.models.ArtistBio;0;1;1;1;2.5;240.5286;0.0129;26;13;96.2114;0;0.0;0;0;0;0;8;20;0;0;12;0;4;0;0.0;0.0;0
com.naman14.timber.lastfmapi.models.ArtistInfo;0;3;2;1;2.5;56.1471;0.0049;8;7;22.4588;0;0.0;0;0;0;0;2;14;0;0;12;0;1;0;0.0;0.0;0
com.naman14.timber.lastfmapi.models.ArtistQuery;0;6;1;1;3.0;119.5894;0.0081;12;10;39.8631;0;78.4514;0;1;0;0;2;15;0;1;13;0;1;1;0.0;0.0;1
com.naman14.timber.lastfmapi.models.ArtistTag;0;1;1;1;2.5;56.1471;0.0049;8;7;22.4588;0;0.0;0;0;0;0;2;14;0;0;12;0;1;0;0.0;0.0;0
com.naman14.timber.lastfmapi.models.Artwork;0;6;1;1;2.5;110.9474;0.0077;14;9;44.379;0;0.0;0;0;0;0;4;16;0;0;12;0;2;0;0.0;0.0;0
com.naman14.timber.lastfmapi.models.LastfmAlbum;0;4;2;1;2.5;56.1471;0.0049;8;7;22.4588;0;0.0;0;0;0;0;2;14;0;0;12;0;1;0;0.0;0.0;0
com.naman14.timber.lastfmapi.models.LastfmArtist;0;11;5;1;2.5;509.7513;0.0213;48;19;203.9005;0;0.0;0;0;0;0;10;22;0;0;12;0;5;0;0.0;0.0;0
com.naman14.timber.lastfmapi.models.LastfmArtist.ArtistTag;0;2;2;1;2.0;41.3594;0.004;8;6;20.6797;0;0.0;0;0;0;0;2;14;0;0;12;0;1;0;0.0;0.0;0
com.naman14.timber.lastfmapi.models.LastfmArtist.SimilarArtist;0;1;2;1;2.0;41.3594;0.004;8;6;20.6797;0;0.0;0;0;0;0;2;14;0;0;12;0;1;0;0.0;0.0;0
com.naman14.timber.lastfmapi.models.LastfmUserSession;2;4;2;1;32.2667;14960.1609;0.2024;89;37;463.6413;1;51.7903;9;17;0;3;5;20;0;3;15;0;2;9;1.0;1.0;7
com.naman14.timber.lastfmapi.models.ScrobbleInfo;0;2;0;1;0.0;0.0;0.0;2;2;2.0;0;0.0;0;0;0;0;0;12;0;0;12;0;0;0;0.0;0.0;0
com.naman14.timber.lastfmapi.models.ScrobbleQuery;0;3;1;1;10.0962;4110.8909;0.0855;76;41;407.174;0;52.6683;7;11;0;0;7;22;0;3;15;1;3;8;0.0;0.0;5
com.naman14.timber.lastfmapi.models.UserLoginInfo;0;3;2;1;2.5;56.1471;0.0049;8;7;22.4588;0;0.0;0;0;0;0;2;14;0;0;12;0;1;0;0.0;0.0;0
com.naman14.timber.lastfmapi.models.UserLoginQuery;1;2;1;1;3.9375;641.2149;0.0248;36;23;162.8482;1;66.0008;0;3;0;1;5;19;0;2;14;0;2;2;0.0;1.0;2
com.naman14.timber.listeners.MusicStateListener;N/A;N/A;N/A;N/A;N/A;N/A;N/A;N/A;N/A;N/A;N/A;0.0;N/A;N/A;N/A;N/A;N/A;N/A;N/A;N/A;N/A;N/A;N/A;N/A;N/A;N/A;N/A
com.naman14.timber.listeners.SimplelTransitionListener;0;2;0;1;2.0;65.014;0.0054;14;5;32.507;5;67.4305;0;0;0;5;0;22;2;5;22;0;0;5;0.0;1.0;5
com.naman14.timber.models.Album;0;13;1;1;6.0;1686.6499;0.0472;64;21;281.1083;0;56.4943;0;12;0;0;6;20;0;2;14;0;6;2;0.0;0.0;2
com.naman14.timber.models.Artist;0;11;1;1;5.6;1030.0406;0.034;45;17;183.9358;0;60.5238;0;8;0;0;4;18;0;2;14;0;4;2;0.0;0.0;2
com.naman14.timber.models.Playlist;0;8;1;1;5.25;697.38;0.0262;34;15;132.8343;0;63.2445;0;6;0;0;3;17;0;2;14;0;3;2;0.0;0.0;2
com.naman14.timber.models.Song;0;35;1;1;6.2222;2398.2937;0.0597;83;25;385.4401;0;53.4227;0;16;0;0;8;22;0;2;14;0;8;2;0.0;0.0;2
com.naman14.timber.nowplaying.BaseNowplayingFragment;1;27;17;2;254.0546;2012901.1285;5.3141;989;258;7923.1038;9;14.956;10;360;0;23;92;299;6;30;217;7;8;130;0.0897;1.0;94
com.naman14.timber.nowplaying.BaseNowplayingFragment.loadQueueSongs;2;5;0;2;15.7857;3112.207;0.0711;43;24;197.1534;2;55.7984;10;11;0;1;2;30;0;3;31;2;0;11;0.3333;1.0;6
com.naman14.timber.nowplaying.Timber1;1;8;0;3;17.25;3981.6059;0.0837;45;35;230.8177;2;50.1519;15;16;0;0;92;301;0;2;219;2;0;16;0.0;1.0;4
com.naman14.timber.nowplaying.Timber2;0;8;1;3;44.069;45117.9183;0.4225;170;65;1023.8025;3;39.1799;8;44;0;0;93;304;0;4;221;4;0;20;0.1667;1.0;13
com.naman14.timber.nowplaying.Timber2.setBlurredAlbumArt;1;2;0;2;18.05;4033.5816;0.0845;46;29;223.4671;3;51.4154;8;14;0;1;2;30;0;3;31;2;0;10;0.0;1.0;6
com.naman14.timber.nowplaying.Timber3;2;5;0;3;6.0;421.9442;0.0188;18;15;70.324;1;66.2648;5;5;0;0;92;300;0;1;218;1;0;6;0.0;1.0;1
com.naman14.timber.nowplaying.Timber4;0;10;3;3;51.8529;63690.4575;0.5316;196;77;1228.2902;3;37.4986;8;50;0;1;95;307;0;5;222;4;0;28;0.2;1.0;14
com.naman14.timber.nowplaying.Timber4.setBlurredAlbumArt;1;2;0;2;18.05;4033.5816;0.0845;46;29;223.4671;3;51.4154;8;14;0;1;2;30;0;3;31;2;0;10;0.0;1.0;6
com.naman14.timber.nowplaying.Timber5;0;10;3;3;51.8529;63690.4575;0.5316;196;77;1228.2902;3;37.4986;8;50;0;1;95;307;0;5;222;4;0;28;0.2;1.0;14
com.naman14.timber.nowplaying.Timber5.setBlurredAlbumArt;1;2;0;2;18.05;4033.5816;0.0845;46;29;223.4671;3;51.4154;8;14;0;1;2;30;0;3;31;2;0;10;0.0;1.0;6
com.naman14.timber.nowplaying.Timber6;1;11;2;3;41.625;42462.6442;0.4057;167;69;1020.1236;1;37.3047;53;54;0;0;94;305;0;4;221;4;0;29;0.6667;1.0;14
com.naman14.timber.permissions.Nammu;6;6;4;1;82.7705;243639.9686;1.3003;430;115;2943.5607;2;23.5846;84;145;0;16;6;34;0;16;28;0;0;49;0.2167;1.0;50
com.naman14.timber.permissions.PermissionCallback;N/A;N/A;N/A;N/A;N/A;N/A;N/A;N/A;N/A;N/A;N/A;0.0;N/A;N/A;N/A;N/A;N/A;N/A;N/A;N/A;N/A;N/A;N/A;N/A;N/A;N/A;N/A
com.naman14.timber.permissions.PermissionListener;N/A;N/A;N/A;N/A;N/A;N/A;N/A;N/A;N/A;N/A;N/A;0.0;N/A;N/A;N/A;N/A;N/A;N/A;N/A;N/A;N/A;N/A;N/A;N/A;N/A;N/A;N/A
com.naman14.timber.permissions.PermissionRequest;0;2;3;1;13.0;3863.6883;0.0821;64;25;297.2068;3;49.2512;1;18;3;3;4;23;0;7;19;2;0;9;0.0;0.0;10
com.naman14.timber.provider.MusicDB;0;4;3;2;78.5455;49440.1781;0.449;116;43;629.4467;2;47.6303;26;18;0;3;4;37;0;5;33;1;0;23;0.5;1.0;6
com.naman14.timber.provider.MusicPlaybackState;0;7;2;1;99.8491;266559.131;1.3806;396;107;2669.6209;2;29.2308;0;106;0;7;2;22;0;8;20;0;0;43;0.4762;1.0;28
com.naman14.timber.provider.MusicPlaybackState.PlaybackHistoryColumns;0;1;1;1;2.0;51.6993;0.0046;10;6;25.8496;0;0.0;0;0;0;0;2;14;0;0;12;0;0;0;0.0;0.0;0
com.naman14.timber.provider.MusicPlaybackState.PlaybackQueueColumns;0;1;1;1;2.0;139.4767;0.009;22;9;69.7384;0;0.0;0;0;0;0;5;17;0;0;12;0;0;0;0.0;0.0;0
com.naman14.timber.provider.RecentStore;0;5;2;1;73.8621;99022.804;0.7135;218;71;1340.6449;3;36.0913;32;47;0;8;3;24;0;9;21;0;0;30;0.5357;1.0;17
com.naman14.timber.provider.RecentStore.RecentStoreColumns;N/A;N/A;N/A;N/A;N/A;N/A;N/A;N/A;N/A;N/A;N/A;0.0;N/A;N/A;N/A;N/A;N/A;N/A;N/A;N/A;N/A;N/A;N/A;N/A;N/A;N/A;N/A
com.naman14.timber.provider.SearchHistory;0;3;2;1;85.5484;119436.9807;0.8084;219;83;1396.1336;3;35.5024;34;53;0;7;3;23;0;8;20;0;0;38;0.4286;1.0;18
com.naman14.timber.provider.SearchHistory.SearchHistoryColumns;N/A;N/A;N/A;N/A;N/A;N/A;N/A;N/A;N/A;N/A;N/A;0.0;N/A;N/A;N/A;N/A;N/A;N/A;N/A;N/A;N/A;N/A;N/A;N/A;N/A;N/A;N/A
com.naman14.timber.provider.SongPlayCount;0;6;4;1;178.4051;931369.8292;3.179;713;160;5220.5347;3;18.1602;107;185;0;17;10;40;0;18;30;0;0;60;0.3897;1.0;52
com.naman14.timber.provider.SongPlayCount.SongPlayCountColumns;N/A;N/A;N/A;N/A;N/A;N/A;N/A;N/A;N/A;N/A;N/A;0.0;N/A;N/A;N/A;N/A;N/A;N/A;N/A;N/A;N/A;N/A;N/A;N/A;N/A;N/A;N/A
com.naman14.timber.slidinguppanel.SlidingUpPanelLayout;3;11;8;3;366.3498;6662920.8595;11.8029;2098;407;18187.3207;6;6.2364;29;487;8;42;219;926;0;62;891;17;0;170;0.1555;0.8644;205
com.naman14.timber.slidinguppanel.SlidingUpPanelLayout.DragHelperCallback;4;4;0;2;54.5484;69307.7126;0.5624;208;69;1270.5731;4;35.8477;29;65;0;1;0;32;0;7;32;6;0;24;0.1429;1.0;27
com.naman14.timber.slidinguppanel.SlidingUpPanelLayout.LayoutParams;2;1;0;3;11.6667;2514.0878;0.0616;47;24;215.4932;0;55.0466;8;8;0;0;11;44;0;6;36;0;0;12;0.0;0.0;6
com.naman14.timber.slidinguppanel.SlidingUpPanelLayout.PanelSlideListener;N/A;N/A;N/A;N/A;N/A;N/A;N/A;N/A;N/A;N/A;N/A;0.0;N/A;N/A;N/A;N/A;N/A;N/A;N/A;N/A;N/A;N/A;N/A;N/A;N/A;N/A;N/A
com.naman14.timber.slidinguppanel.SlidingUpPanelLayout.SavedState;1;2;2;3;15.8333;2499.9426;0.0614;34;25;157.8911;1;58.1712;7;9;0;0;7;29;0;3;27;1;0;10;0.0;1.0;4
com.naman14.timber.slidinguppanel.SlidingUpPanelLayout.SimplePanelSlideListener;0;1;0;1;0.0;0.0;0.0;15;6;38.7744;5;63.0666;0;0;0;5;0;22;0;5;22;0;0;5;0.0;1.0;5
com.naman14.timber.slidinguppanel.SlidingUpPanelLayout.SlideState;N/A;N/A;N/A;N/A;N/A;N/A;N/A;N/A;N/A;N/A;N/A;0.0;N/A;0;N/A;N/A;N/A;N/A;N/A;N/A;N/A;N/A;N/A;N/A;N/A;N/A;N/A
com.naman14.timber.slidinguppanel.ViewDragHelper;0;4;8;1;408.4615;8160056.1813;13.5106;2398;322;19977.5387;2;3.8235;0;564;8;48;39;100;0;49;61;0;0;120;0.2376;0.8333;193
com.naman14.timber.slidinguppanel.ViewDragHelper.Callback;0;2;0;1;9.0;2290.791;0.0579;71;12;254.5323;13;35.6032;0;6;0;12;0;25;1;13;25;0;0;13;0.0;1.0;13
com.naman14.timber.subfragments.ArtistTagFragment;1;3;1;2;7.2;931.1293;0.0318;29;22;129.3235;2;60.8289;3;7;0;1;56;232;0;2;186;1;0;6;0.0;1.0;2
com.naman14.timber.subfragments.LyricsFragment;4;8;3;2;44.0;41626.7711;0.4004;148;84;946.063;1;38.3128;39;52;0;3;58;237;0;5;189;2;0;35;0.4;1.0;12
com.naman14.timber.subfragments.PlaylistPagerFragment;1;12;6;2;73.1218;198329.4543;1.1336;381;139;2712.3165;2;34.9686;44;56;0;3;72;251;0;5;189;2;0;26;0.5;1.0;13
com.naman14.timber.subfragments.PlaylistPagerFragment.loadPlaylistImage;2;12;0;2;50.5;62524.8161;0.5251;202;70;1238.1152;2;36.6746;44;66;0;1;2;30;0;3;31;2;0;25;0.3333;1.0;19
com.naman14.timber.subfragments.QuickControlsFragment;0;15;9;2;88.4386;203674.0877;1.1539;329;128;2303.0;5;27.8494;8;123;0;5;77;264;0;10;197;5;1;53;0.1111;1.0;21
com.naman14.timber.subfragments.QuickControlsFragment.setBlurredAlbumArt;1;2;0;2;18.05;4033.5816;0.0845;46;29;223.4671;3;51.4154;8;14;0;1;2;30;0;3;31;2;0;10;0.0;1.0;6
com.naman14.timber.subfragments.StyleSelectorFragment;2;8;5;2;19.6875;9045.7458;0.1447;81;51;459.4665;1;43.8334;18;28;0;3;60;239;0;5;189;2;1;22;0.5;1.0;8
com.naman14.timber.subfragments.SubStyleSelectorFragment;3;9;6;2;60.75;110160.2271;0.766;263;119;1813.3371;1;30.1862;72;94;0;7;63;246;0;9;193;2;0;46;0.3611;1.0;30
com.naman14.timber.timely.TimelyView;4;6;3;2;68.2927;109330.95;0.7622;246;91;1600.9175;3;36.5633;38;53;0;5;172;612;0;10;613;2;0;38;0.2381;1.0;14
com.naman14.timber.timely.animation.TimelyEvaluator;1;2;0;1;35.8333;13616.6667;0.1901;76;32;380.0;1;56.0646;1;12;0;2;1;16;0;2;15;0;0;2;1.0;1.0;5
com.naman14.timber.timely.model.NumberUtils;11;13;0;1;12.0;4250.9139;0.0875;68;37;354.2428;1;50.2386;22;25;0;1;0;13;0;1;13;0;0;14;0.0;1.0;13
com.naman14.timber.timely.model.core.Figure;1;13;0;1;7.8;1270.2162;0.0391;36;23;162.8482;2;62.5672;0;4;1;2;3;18;11;3;15;0;0;3;0.0;0.5;3
com.naman14.timber.timely.model.number.Eight;0;2;1;2;16.8;3296.4119;0.0738;44;22;196.215;1;66.8818;1;2;0;1;5;21;0;2;17;0;0;3;0.0;0.0;2
com.naman14.timber.timely.model.number.Five;0;2;1;2;9.3333;2015.0964;0.0532;44;30;215.9032;1;66.6004;1;2;0;1;5;21;0;2;17;0;0;3;0.0;0.0;2
com.naman14.timber.timely.model.number.Four;0;2;1;2;21.0;3993.4616;0.0839;44;20;190.1648;1;66.9763;1;2;0;1;5;21;0;2;17;0;0;3;0.0;0.0;2
com.naman14.timber.timely.model.number.Nine;0;2;1;2;8.6667;1984.1105;0.0526;45;34;228.9358;1;66.4219;1;2;0;1;5;21;0;2;17;0;0;3;0.0;0.0;2
com.naman14.timber.timely.model.number.Null;0;2;1;2;56.0;9845.3643;0.1531;45;15;175.8101;1;67.2264;1;2;0;1;5;21;0;2;17;0;0;3;0.0;0.0;2
com.naman14.timber.timely.model.number.One;0;2;1;2;28.0;5137.3476;0.0992;44;18;183.4767;1;67.0905;1;2;0;1;5;21;0;2;17;0;0;3;0.0;0.0;2
com.naman14.timber.timely.model.number.Seven;0;2;1;2;15.2727;3039.8336;0.0699;44;23;199.0367;1;66.8356;1;2;0;1;5;21;0;2;17;0;0;3;0.0;0.0;2
com.naman14.timber.timely.model.number.Six;0;2;1;2;8.0;1775.6267;0.0489;44;33;221.9533;1;66.5167;1;2;0;1;5;21;0;2;17;0;0;3;0.0;0.0;2
com.naman14.timber.timely.model.number.Three;0;2;1;2;8.8421;1927.4431;0.0516;44;31;217.9846;1;66.5723;1;2;0;1;5;21;0;2;17;0;0;3;0.0;0.0;2
com.naman14.timber.timely.model.number.Two;0;2;1;2;7.6364;1709.3875;0.0477;44;34;223.8484;1;66.4893;1;2;0;1;5;21;0;2;17;0;0;3;0.0;0.0;2
com.naman14.timber.timely.model.number.Zero;0;2;1;2;15.2727;3039.8336;0.0699;44;23;199.0367;1;66.8356;1;2;0;1;5;21;0;2;17;0;0;3;0.0;0.0;2
com.naman14.timber.transition.PlayTransition;0;4;1;2;172.449;924455.529;3.1633;700;202;5360.748;2;24.5973;1;116;2;9;9;77;0;13;72;2;0;66;0.1636;0.8182;22
com.naman14.timber.transition.PlayTransition.AnimatorListenerWrapper;0;1;2;1;16.5;2127.3019;0.0551;33;15;128.9274;1;56.6482;4;6;0;4;2;25;0;5;23;0;0;9;1.0;1.0;5
com.naman14.timber.transition.PlayTransition.NoOverlapView;0;1;0;2;4.5;186.8093;0.0109;12;11;41.5132;1;70.1791;1;2;0;0;166;598;0;2;605;1;0;3;0.0;1.0;2
com.naman14.timber.transition.PlayTransition.NoPauseAnimator;0;2;2;2;78.0;55619.3157;0.4857;127;49;713.0682;1;37.083;24;30;0;6;3;60;0;20;58;13;0;47;0.9123;1.0;22
com.naman14.timber.utils.ATEUtils;6;3;0;1;54.75;60225.848;0.5122;174;80;1100.0155;2;37.5477;34;48;0;4;0;16;0;4;16;0;0;29;0.1667;1.0;17
com.naman14.timber.utils.Constants;0;19;1;1;2.5658;2283.3151;0.0578;164;43;889.9074;0;0.0;0;0;0;0;39;51;0;0;12;0;0;0;0.0;0.0;0
com.naman14.timber.utils.FabAnimationUtils;0;4;1;1;47.6429;32315.3446;0.3382;125;43;678.2831;1;37.2875;34;42;0;5;2;19;0;5;17;0;0;22;0.4;1.0;15
com.naman14.timber.utils.FabAnimationUtils.ScaleCallback;N/A;N/A;N/A;N/A;N/A;N/A;N/A;N/A;N/A;N/A;N/A;0.0;N/A;N/A;N/A;N/A;N/A;N/A;N/A;N/A;N/A;N/A;N/A;N/A;N/A;N/A;N/A
com.naman14.timber.utils.Helpers;2;17;0;1;22.8571;9688.3683;0.1515;74;53;423.8661;2;56.4223;13;9;0;2;0;14;0;2;14;0;0;11;0.0;1.0;4
com.naman14.timber.utils.Helpers.AboutDialog;2;3;0;3;12.4091;2357.7273;0.059;38;32;190.0;1;56.0017;13;8;0;0;74;269;0;2;215;1;0;14;0.0;1.0;3
com.naman14.timber.utils.ImageUtils;2;17;1;1;42.3704;36739.9559;0.3684;141;71;867.1143;2;38.2637;35;33;0;5;2;19;0;5;17;0;0;40;0.0;1.0;7
com.naman14.timber.utils.LyricsExtractor;2;2;0;1;124.4194;649330.904;2.4995;721;151;5218.8898;1;23.4673;77;193;0;7;0;19;0;7;19;0;0;29;0.0476;1.0;41
com.naman14.timber.utils.LyricsLoader;0;2;3;1;16.5312;5591.9555;0.105;64;39;338.2657;2;44.8026;11;24;0;2;4;19;0;3;15;0;0;18;0.0;1.0;6
com.naman14.timber.utils.LyricsLoader.LyricsRestService;N/A;N/A;N/A;N/A;N/A;N/A;N/A;N/A;N/A;N/A;N/A;0.0;N/A;N/A;N/A;N/A;N/A;N/A;N/A;N/A;N/A;N/A;N/A;N/A;N/A;N/A;N/A
com.naman14.timber.utils.NavigationUtils;5;40;0;1;61.4727;131794.0908;0.8633;322;101;2143.9441;11;30.4723;55;87;0;14;0;26;0;14;26;0;0;42;0.033;1.0;31
com.naman14.timber.utils.PreferencesUtility;10;41;5;1;45.8824;168432.664;1.0166;527;125;3670.9683;2;25.7482;75;82;0;43;31;87;N/A;44;56;0;0;67;0.6667;1.0;50
com.naman14.timber.utils.SlideTrackSwitcher;0;4;2;1;37.05;29734.2328;0.3199;137;58;802.5434;5;49.6806;21;6;0;7;4;25;2;8;21;0;0;14;0.0952;1.0;8
com.naman14.timber.utils.SlideTrackSwitcher.SwipeListener;1;2;0;2;26.0;12176.5715;0.1764;88;40;468.3297;4;45.3363;18;29;0;0;0;37;0;4;37;4;0;15;0.0;1.0;12
com.naman14.timber.utils.SortOrder;3;5;0;1;0.0;0.0;0.0;4;3;6.3399;0;79.3041;0;0;0;0;0;13;N/A;1;13;0;0;1;0.0;0.0;1
com.naman14.timber.utils.SortOrder.AlbumSongSortOrder;N/A;N/A;N/A;N/A;N/A;N/A;N/A;N/A;N/A;N/A;N/A;0.0;N/A;N/A;N/A;N/A;N/A;N/A;N/A;N/A;N/A;N/A;N/A;N/A;N/A;N/A;N/A
com.naman14.timber.utils.SortOrder.AlbumSortOrder;N/A;N/A;N/A;N/A;N/A;N/A;N/A;N/A;N/A;N/A;N/A;0.0;N/A;N/A;N/A;N/A;N/A;N/A;N/A;N/A;N/A;N/A;N/A;N/A;N/A;N/A;N/A
com.naman14.timber.utils.SortOrder.ArtistAlbumSortOrder;N/A;N/A;N/A;N/A;N/A;N/A;N/A;N/A;N/A;N/A;N/A;0.0;N/A;N/A;N/A;N/A;N/A;N/A;N/A;N/A;N/A;N/A;N/A;N/A;N/A;N/A;N/A
com.naman14.timber.utils.SortOrder.ArtistSongSortOrder;N/A;N/A;N/A;N/A;N/A;N/A;N/A;N/A;N/A;N/A;N/A;0.0;N/A;N/A;N/A;N/A;N/A;N/A;N/A;N/A;N/A;N/A;N/A;N/A;N/A;N/A;N/A
com.naman14.timber.utils.SortOrder.ArtistSortOrder;N/A;N/A;N/A;N/A;N/A;N/A;N/A;N/A;N/A;N/A;N/A;0.0;N/A;N/A;N/A;N/A;N/A;N/A;N/A;N/A;N/A;N/A;N/A;N/A;N/A;N/A;N/A
com.naman14.timber.utils.SortOrder.SongSortOrder;N/A;N/A;N/A;N/A;N/A;N/A;N/A;N/A;N/A;N/A;N/A;0.0;N/A;N/A;N/A;N/A;N/A;N/A;N/A;N/A;N/A;N/A;N/A;N/A;N/A;N/A;N/A
com.naman14.timber.utils.TimberUtils;8;49;1;1;115.4206;543447.7862;2.2198;612;207;4708.414;14;21.0093;118;147;0;26;1;39;0;26;38;0;0;102;0.0554;1.0;48
com.naman14.timber.utils.TimberUtils.IdType;N/A;N/A;N/A;N/A;N/A;N/A;N/A;N/A;N/A;N/A;N/A;∞;N/A;7;N/A;N/A;N/A;N/A;N/A;N/A;N/A;N/A;N/A;N/A;N/A;N/A;N/A
com.naman14.timber.utils.TimberUtils.PlaylistType;N/A;N/A;N/A;N/A;N/A;N/A;N/A;N/A;N/A;N/A;N/A;∞;N/A;8;N/A;N/A;N/A;N/A;N/A;N/A;N/A;N/A;N/A;N/A;N/A;N/A;N/A
com.naman14.timber.widgets.BaseRecyclerView;2;9;2;4;28.1667;9164.6307;0.146;62;38;325.3715;2;51.3046;15;22;0;1;287;1149;0;5;1086;1;0;21;0.0;1.0;6
com.naman14.timber.widgets.BubbleTextGetter;N/A;N/A;N/A;N/A;N/A;N/A;N/A;N/A;N/A;N/A;N/A;0.0;N/A;N/A;N/A;N/A;N/A;N/A;N/A;N/A;N/A;N/A;N/A;N/A;N/A;N/A;N/A
com.naman14.timber.widgets.CircleImageView;7;3;8;3;127.3485;458138.3684;1.981;499;148;3597.5172;2;25.0439;84;127;4;11;189;701;0;24;685;10;0;77;0.1429;0.8095;41
com.naman14.timber.widgets.CircularSeekBar;0;4;4;2;257.0136;3437019.96;7.5916;1628;297;13372.9115;1;9.2144;204;416;11;32;240;710;0;40;643;5;0;111;0.2402;0.7027;126
com.naman14.timber.widgets.CircularSeekBar.OnCircularSeekBarChangeListener;N/A;N/A;N/A;N/A;N/A;N/A;N/A;N/A;N/A;N/A;N/A;0.0;N/A;N/A;N/A;N/A;N/A;N/A;N/A;N/A;N/A;N/A;N/A;N/A;N/A;N/A;N/A
com.naman14.timber.widgets.DividerItemDecoration;4;12;1;2;67.5;90816.1765;0.6735;216;75;1345.4248;1;38.4869;36;48;0;3;5;31;0;7;26;2;0;30;0.6;1.0;14
com.naman14.timber.widgets.DragSortRecycler;0;4;7;2;139.5543;737949.8925;2.7221;717;166;5287.9033;3;20.5187;96;184;9;17;20;61;0;19;41;2;0;62;0.1345;0.5263;60
com.naman14.timber.widgets.DragSortRecycler.OnDragStateChangedListener;N/A;N/A;N/A;N/A;N/A;N/A;N/A;N/A;N/A;N/A;N/A;0.0;N/A;N/A;N/A;N/A;N/A;N/A;N/A;N/A;N/A;N/A;N/A;N/A;N/A;N/A;N/A
com.naman14.timber.widgets.DragSortRecycler.OnItemMovedListener;N/A;N/A;N/A;N/A;N/A;N/A;N/A;N/A;N/A;N/A;N/A;0.0;N/A;N/A;N/A;N/A;N/A;N/A;N/A;N/A;N/A;N/A;N/A;N/A;N/A;N/A;N/A
com.naman14.timber.widgets.FastScroller;0;10;5;4;98.8929;257791.8616;1.3502;373;127;2606.7794;1;31.1287;7;74;0;7;190;876;0;12;876;2;0;48;0.5;1.0;23
com.naman14.timber.widgets.FastScroller.ScrollListener;1;1;0;2;26.0;8787.3346;0.1419;67;33;337.9744;1;53.7344;7;16;0;0;0;16;0;1;16;1;0;8;0.0;1.0;4
com.naman14.timber.widgets.MultiViewPager;3;5;1;4;73.8214;118824.051;0.8057;245;95;1609.6146;1;32.5153;32;64;2;6;259;989;0;10;935;2;0;33;0.2143;0.75;22
com.naman14.timber.widgets.MusicVisualizer;2;6;3;2;32.6667;25610.4352;0.2896;135;56;783.9929;2;45.2495;36;23;0;2;169;605;0;6;609;2;0;23;0.1667;1.0;8
com.naman14.timber.widgets.PlayPauseButton;0;5;6;2;107.0377;320201.1553;1.5601;437;115;2991.4792;3;26.0173;2;77;2;9;179;625;0;16;619;4;0;44;0.1667;0.8462;19
com.naman14.timber.widgets.PlayPauseButton.OnControlStatusChangeListener;N/A;N/A;N/A;N/A;N/A;N/A;N/A;N/A;N/A;N/A;N/A;0.0;N/A;N/A;N/A;N/A;N/A;N/A;N/A;N/A;N/A;N/A;N/A;N/A;N/A;N/A;N/A
com.naman14.timber.widgets.PlayPauseButton.Point;0;1;0;1;13.125;3206.0745;0.0725;54;23;244.2723;2;55.66;2;6;2;6;2;20;0;6;18;0;0;6;0.1333;0.6667;6
com.naman14.timber.widgets.PlayPauseButton.SavedState;0;1;1;3;12.0;1551.8822;0.0447;29;22;129.3235;1;61.5326;5;7;0;0;7;29;0;3;27;1;0;8;0.0;1.0;3
com.naman14.timber.widgets.PlayPauseDrawable;1;1;5;2;84.9375;193824.7816;1.1164;342;102;2281.9695;2;30.0923;63;78;1;10;8;93;0;12;94;1;0;45;0.2909;0.9091;24
com.naman14.timber.widgets.PopupImageView;0;0;0;3;16.6667;4048.3175;0.0847;50;29;242.899;1;53.7839;15;12;0;1;166;659;0;5;666;0;0;14;0.0;1.0;6
com.naman14.timber.widgets.SquareImageView;0;0;0;3;10.4;1301.0166;0.0397;30;18;125.0978;1;60.1294;7;5;0;0;166;658;0;4;665;1;0;10;0.0;1.0;4
com.naman14.timber.widgets.TextDrawable;2;3;3;3;89.4044;281082.1136;1.4303;447;131;3143.9401;4;32.8219;7;53;2;3;11;127;0;10;125;6;0;45;0.1667;0.7778;17
com.naman14.timber.widgets.TextDrawable.Builder;2;4;3;1;14.9324;15468.2044;0.2069;180;54;1035.8798;11;35.7661;7;46;0;17;12;59;0;18;47;0;2;23;0.0221;1.0;18
com.naman14.timber.widgets.TextDrawable.IBuilder;N/A;N/A;N/A;N/A;N/A;N/A;N/A;N/A;N/A;N/A;N/A;0.0;N/A;N/A;N/A;N/A;N/A;N/A;N/A;N/A;N/A;N/A;N/A;N/A;N/A;N/A;N/A
com.naman14.timber.widgets.TextDrawable.IConfigBuilder;N/A;N/A;N/A;N/A;N/A;N/A;N/A;N/A;N/A;N/A;N/A;0.0;N/A;N/A;N/A;N/A;N/A;N/A;N/A;N/A;N/A;N/A;N/A;N/A;N/A;N/A;N/A
com.naman14.timber.widgets.TextDrawable.IShapeBuilder;N/A;N/A;N/A;N/A;N/A;N/A;N/A;N/A;N/A;N/A;N/A;0.0;N/A;N/A;N/A;N/A;N/A;N/A;N/A;N/A;N/A;N/A;N/A;N/A;N/A;N/A;N/A
com.naman14.timber.widgets.ThemedPreferenceCategory;1;1;1;4;21.8571;4309.2098;0.0883;43;24;197.1534;1;55.853;8;9;0;0;2;138;0;4;137;1;0;12;0.0;1.0;4
com.naman14.timber.widgets.desktop.BaseWidget;0;3;0;3;35.2;17496.5705;0.2247;89;48;497.0617;1;49.9742;16;16;0;1;3;47;2;5;44;2;0;19;0.0;1.0;8
com.naman14.timber.widgets.desktop.SmallWidget;5;8;0;4;29.5;18159.5988;0.2303;106;56;615.5796;2;43.1313;24;24;0;2;3;46;0;2;46;0;0;19;0.0;1.0;8
com.naman14.timber.widgets.desktop.StandardWidget;5;9;0;4;33.2794;26255.1324;0.2945;131;65;788.9302;2;40.023;30;29;0;2;3;46;1;2;46;0;0;20;0.0;1.0;9
com.naman14.timber.widgets.desktop.WhiteWidget;1;3;0;5;2.5;38.7744;0.0038;6;6;15.5098;1;78.6317;0;1;0;0;3;47;0;1;47;1;0;1;0.0;1.0;1
