Class,B,CBO,CLOC,COM_RAT,Command,Cons,CSA,CSO,CSOA,Cyclic,D,Dcy,Dcy*,DIT,Dpt,Dpt*,E,Inner,Inner,Jf,JLOC,Jm,JTA,JTM,LCOM,Level,Level*,LOC,MPC,N,n,NAAC,NAIC,NCLOC,NOAC,NOC,NOIC,NOOC,NTP,OCavg,OCmax,OPavg,OSavg,OSmax,PDcy,PDpt,Query,RFC,STAT,SUB,TCOM_RAT,TODO,V,WMC
com.naman14.timber.ApplicationTest,0,0,3,37.50%,0,1,0,13,13,0,0,0,0,1,0,0,0,0,0,100.00%,3,0.00%,0,0,0,1,1,8,1,7,5,0,0,5,0,0,11,0,0,1.00,1,0.00,1.00,1,0,0,0,2,1,0,60.00%,0,16,1
com.naman14.timber.MusicPlayer,5,42,0,0.00%,24,0,4,69,73,121,194,9,243,1,34,131,"2,184,261",2,0,0.00%,0,0.00%,0,0,6,2,123,648,0,"1,466",201,4,0,648,57,0,11,0,0,2.47,2,1.11,5.79,3,4,9,33,103,330,0,0.00%,0,"11,216",141
com.naman14.timber.MusicPlayer.ServiceBinder,0,1,0,0.00%,2,1,2,19,21,121,13,1,243,1,1,131,"2,567",0,1,0.00%,0,0.00%,0,0,1,2,123,23,4,44,20,2,0,23,2,0,13,0,0,1.67,2,1.67,3.00,4,1,1,0,6,9,0,0.00%,0,190,5
com.naman14.timber.MusicPlayer.ServiceToken,0,2,0,0.00%,0,1,1,13,14,0,2,0,0,1,2,132,46,0,0,0.00%,0,0.00%,0,0,0,1,1,6,0,9,6,1,0,6,0,0,11,0,0,1.00,1,1.00,1.00,1,0,2,0,1,1,0,0.00%,0,23,1
com.naman14.timber.MusicService,44,34,19,1.02%,58,0,106,367,473,121,898,22,243,4,19,131,"49,277,423",7,2,0.00%,0,0.00%,0,0,1,2,123,"1,859",5,"5,563",926,106,0,"1,841",100,0,146,5,0,3.54,1,0.70,9.82,1,7,6,47,346,"1,119",0,0.98%,0,"54,822",404
com.naman14.timber.MusicService.MediaStoreObserver,0,1,0,0.00%,2,1,2,22,24,121,12,1,243,2,1,131,"1,845",0,1,0.00%,0,0.00%,0,0,2,2,123,18,5,32,23,2,0,18,1,0,15,1,0,1.00,1,0.67,2.00,2,1,1,0,8,6,0,0.00%,0,144,3
com.naman14.timber.MusicService.MultiPlayer,1,3,0,0.00%,10,1,6,32,38,121,101,2,243,1,2,131,"202,535",0,2,0.00%,0,0.00%,0,0,1,2,123,153,53,303,98,6,0,153,17,0,11,0,0,1.50,5,0.72,4.56,22,1,1,7,53,82,0,0.00%,0,"2,004",27
com.naman14.timber.MusicService.MusicPlayerHandler,0,4,0,0.00%,1,1,2,49,51,121,62,4,243,2,1,131,"89,465",0,0,0.00%,0,0.00%,0,0,1,2,123,101,33,218,94,2,0,101,0,0,41,1,0,11.50,22,1.50,37.50,73,2,1,0,27,75,0,0.00%,0,"1,428",23
com.naman14.timber.MusicService.ServiceStub,1,3,0,0.00%,15,1,1,57,58,121,111,3,243,1,1,131,"258,572",0,0,0.00%,0,0.00%,0,0,1,2,123,185,90,368,78,1,0,185,44,0,11,0,0,1.00,1,0.58,1.00,1,3,1,29,92,45,0,0.00%,0,"2,313",45
com.naman14.timber.MusicService.Shuffler,0,1,0,0.00%,1,1,4,15,19,121,41,1,243,1,1,131,"17,874",0,0,0.00%,0,0.00%,0,0,1,2,123,28,12,78,45,4,0,28,2,0,11,0,0,2.00,3,0.33,4.67,8,1,1,1,17,14,0,0.00%,0,428,6
com.naman14.timber.MusicService.TrackErrorExtra,n/a,n/a,n/a,n/a,n/a,n/a,n/a,n/a,n/a,n/a,n/a,n/a,n/a,n/a,n/a,n/a,n/a,n/a,n/a,n/a,n/a,n/a,n/a,n/a,n/a,n/a,n/a,n/a,n/a,n/a,n/a,n/a,n/a,n/a,n/a,n/a,n/a,n/a,n/a,n/a,n/a,n/a,n/a,n/a,n/a,n/a,n/a,0,n/a,n/a,n/a,n/a,n/a,n/a
com.naman14.timber.MusicService.TrackErrorInfo,0,2,0,0.00%,0,1,2,13,15,0,3,0,0,1,2,132,129,0,0,0.00%,0,0.00%,0,0,0,1,1,8,0,13,10,2,0,8,0,0,11,0,0,1.00,1,2.00,2.00,2,0,1,0,1,2,0,0.00%,0,43,1
com.naman14.timber.TimberApp,0,5,0,0.00%,1,0,1,258,259,0,41,5,244,5,0,0,"30,937",0,2,0.00%,0,0.00%,0,0,1,4,124,63,50,130,54,1,0,63,1,0,144,1,0,2.67,6,0.00,6.67,17,2,0,1,22,20,0,0.00%,0,748,8
com.naman14.timber.WearBrowserService,1,17,0,0.00%,8,0,13,287,300,1,94,17,245,5,1,1,"364,934",1,2,0.00%,0,0.00%,0,0,2,3,125,190,119,528,160,13,0,190,8,0,158,3,0,2.62,18,1.55,6.23,49,4,1,3,40,81,0,0.00%,0,"3,865",34
com.naman14.timber.WearBrowserService.MediaSessionCallback,0,4,0,0.00%,10,0,0,43,43,1,6,4,245,2,1,1,"1,179",0,0,100.00%,0,0.00%,0,0,10,3,125,37,5,42,20,0,0,37,0,0,21,10,0,1.00,1,0.50,0.50,3,2,1,0,14,5,0,0.00%,0,181,10
com.naman14.timber.activities.BaseActivity,1,23,13,5.63%,19,0,25,695,720,121,124,15,243,9,11,131,"437,033",3,17,0.00%,0,0.00%,0,0,6,2,123,231,7,478,160,8,17,218,14,4,483,9,0,1.86,2,0.39,3.45,4,7,5,4,73,100,4,6.45%,0,"3,499",54
com.naman14.timber.activities.BaseActivity.PlaybackStatus,0,5,1,3.85%,1,1,1,33,34,121,17,5,243,2,1,131,"5,955",0,0,0.00%,0,0.00%,0,0,1,2,123,26,14,67,37,1,0,25,1,0,28,0,0,4.00,7,1.50,7.00,13,2,1,0,13,14,0,4.00%,0,349,8
com.naman14.timber.activities.BaseActivity.SessionManagerListenerImpl,0,2,0,0.00%,6,0,0,36,36,121,15,2,243,2,1,131,"3,172",0,1,100.00%,0,0.00%,0,0,4,2,123,34,13,45,23,0,0,34,0,0,14,6,0,1.00,1,1.83,2.33,3,2,1,0,15,14,0,0.00%,0,203,6
com.naman14.timber.activities.BaseActivity.initQuickControls,0,4,0,0.00%,2,0,0,30,30,121,5,3,243,2,1,131,386,0,0,100.00%,0,0.00%,0,0,3,2,123,16,4,18,15,0,0,16,1,0,23,2,0,1.00,1,0.67,1.33,4,1,1,1,7,4,0,0.00%,0,70,3
com.naman14.timber.activities.BaseThemedActivity,0,4,4,25.00%,1,0,17,667,684,0,5,1,4,9,3,132,284,0,15,100.00%,3,0.00%,0,0,2,4,4,16,3,14,13,0,17,12,0,2,499,2,0,1.00,1,0.50,1.50,2,1,2,1,5,3,2,33.33%,0,51,2
com.naman14.timber.activities.DonateActivity,1,9,3,1.86%,9,0,29,681,710,121,74,6,243,10,3,131,"182,793",0,16,0.00%,3,0.00%,0,0,3,2,123,161,72,347,137,12,17,158,6,0,495,4,0,1.83,5,0.90,4.44,13,2,3,1,33,80,0,1.90%,0,"2,463",33
com.naman14.timber.activities.MainActivity,3,26,5,1.38%,14,0,45,714,759,121,154,25,243,10,2,131,"923,987",0,18,0.00%,0,0.00%,0,0,3,2,123,362,239,757,237,20,25,357,9,0,507,9,0,1.72,3,0.67,5.17,21,8,2,4,95,186,0,1.40%,0,"5,971",62
com.naman14.timber.activities.NowPlayingActivity,0,9,3,6.67%,2,0,25,707,732,121,14,8,243,10,2,131,"5,204",0,20,100.00%,3,0.00%,0,0,6,2,123,45,17,66,44,0,25,42,5,0,517,2,0,1.29,2,0.14,2.29,7,2,2,5,23,16,0,7.14%,0,360,9
com.naman14.timber.activities.PlaylistDetailActivity,2,20,0,0.00%,9,0,39,713,752,121,134,19,243,10,6,131,"537,912",5,19,0.00%,0,0.00%,0,0,6,2,123,213,41,525,199,14,25,213,9,0,509,6,0,1.61,5,0.40,4.39,13,6,2,6,95,101,0,0.00%,0,"4,009",37
com.naman14.timber.activities.PlaylistDetailActivity.EnterTransitionListener,0,2,0,0.00%,2,0,0,24,24,121,3,2,243,2,1,131,75,0,1,100.00%,0,0.00%,0,0,2,2,123,8,1,9,7,0,0,8,0,0,14,2,0,1.00,1,1.00,0.50,1,2,1,0,3,1,0,0.00%,0,25,2
com.naman14.timber.activities.PlaylistDetailActivity.loadLastAdded,0,4,0,0.00%,2,0,0,30,30,121,6,4,243,2,1,131,578,0,0,100.00%,0,0.00%,0,0,3,2,123,16,3,22,17,0,0,16,1,0,23,2,0,1.00,1,0.67,1.67,4,4,1,1,7,5,0,0.00%,0,89,3
com.naman14.timber.activities.PlaylistDetailActivity.loadRecentlyPlayed,0,6,0,0.00%,2,0,0,30,30,121,6,6,243,2,1,131,730,0,0,100.00%,0,0.00%,0,0,3,2,123,17,4,25,19,0,0,17,1,0,23,2,0,1.00,1,0.67,2.00,5,4,1,1,9,6,0,0.00%,0,106,3
com.naman14.timber.activities.PlaylistDetailActivity.loadTopTracks,0,6,0,0.00%,2,0,0,30,30,121,6,6,243,2,1,131,730,0,0,100.00%,0,0.00%,0,0,3,2,123,17,4,25,19,0,0,17,1,0,23,2,0,1.00,1,0.67,2.00,5,4,1,1,9,6,0,0.00%,0,106,3
com.naman14.timber.activities.PlaylistDetailActivity.loadUserCreatedPlaylist,0,5,0,0.00%,2,0,0,30,30,121,9,5,243,2,1,131,"1,199",0,0,100.00%,0,0.00%,0,0,3,2,123,17,6,28,21,0,0,17,1,0,23,2,0,1.00,1,0.67,2.00,5,5,1,1,10,6,0,0.00%,0,122,3
com.naman14.timber.activities.SearchActivity,1,10,0,0.00%,4,0,34,708,742,121,125,9,243,10,2,131,"305,084",1,19,0.00%,0,0.00%,0,0,3,2,123,124,23,346,130,9,25,124,4,0,506,6,0,1.92,3,0.90,5.42,5,3,2,6,60,65,0,0.00%,0,"2,429",23
com.naman14.timber.activities.SearchActivity.SearchTask,0,10,0,0.00%,1,0,0,29,29,121,31,10,243,2,1,131,"15,767",0,0,100.00%,0,0.00%,0,0,2,2,123,42,23,93,44,0,0,42,1,0,24,1,0,4.50,7,1.00,13.50,22,4,1,1,15,27,0,0.00%,0,507,9
com.naman14.timber.activities.SettingsActivity,0,11,1,1.64%,2,0,18,673,691,121,36,10,243,10,2,131,"28,332",0,17,0.00%,0,0.00%,0,0,4,2,123,61,45,123,84,1,17,61,2,0,500,2,0,3.00,4,1.00,9.50,20,4,2,2,40,38,0,0.00%,0,786,12
com.naman14.timber.adapters.AlbumAdapter,0,10,0,0.00%,2,1,5,47,52,121,61,8,243,2,3,131,"95,293",1,0,0.00%,0,0.00%,0,0,1,2,123,82,10,236,98,3,2,82,4,0,37,0,0,2.00,1,1.40,5.00,1,3,2,2,28,40,0,0.00%,0,"1,561",16
com.naman14.timber.adapters.AlbumAdapter.ItemHolder,0,5,0,0.00%,1,1,22,57,79,121,10,5,243,2,1,131,"2,503",0,1,0.00%,0,0.00%,0,0,1,2,123,18,10,47,30,4,18,18,1,0,51,0,0,1.00,1,1.00,3.50,6,3,1,0,9,7,0,0.00%,0,230,2
com.naman14.timber.adapters.AlbumSongsAdapter,0,13,0,0.00%,4,1,6,57,63,121,64,12,243,3,2,131,"137,248",1,0,0.00%,0,0.00%,0,0,2,2,123,96,11,306,126,4,2,96,2,0,40,5,0,2.10,1,1.38,6.10,1,5,2,3,19,61,0,0.00%,0,"2,135",21
com.naman14.timber.adapters.AlbumSongsAdapter.ItemHolder,0,6,0,0.00%,1,1,22,57,79,121,10,6,243,2,1,131,"2,756",0,1,0.00%,0,0.00%,0,0,1,2,123,24,11,53,34,4,18,24,1,0,51,0,0,1.00,1,1.00,3.00,6,2,1,0,7,9,0,0.00%,0,269,3
com.naman14.timber.adapters.ArtistAdapter,0,16,0,0.00%,2,1,5,51,56,121,71,14,243,2,3,131,"161,766",1,1,0.00%,0,0.00%,0,0,1,2,123,110,10,321,129,3,2,110,6,0,36,1,0,1.77,1,1.25,3.54,1,6,2,5,26,46,0,0.00%,0,"2,250",23
com.naman14.timber.adapters.ArtistAdapter.ItemHolder,0,5,0,0.00%,1,1,22,57,79,121,10,5,243,2,1,131,"2,503",0,1,0.00%,0,0.00%,0,0,1,2,123,18,10,47,30,4,18,18,1,0,51,0,0,1.00,1,1.00,3.50,6,3,1,0,9,7,0,0.00%,0,230,2
com.naman14.timber.adapters.ArtistAlbumAdapter,0,8,0,0.00%,1,1,4,46,50,121,23,7,243,2,2,131,"15,853",1,0,0.00%,0,0.00%,0,0,2,2,123,28,10,113,64,2,2,28,3,0,37,0,0,1.50,2,1.50,3.25,1,3,1,2,15,13,0,0.00%,0,678,6
com.naman14.timber.adapters.ArtistAlbumAdapter.ItemHolder,0,5,0,0.00%,1,1,22,57,79,121,10,5,243,2,1,131,"2,503",0,1,0.00%,0,0.00%,0,0,1,2,123,18,10,47,30,4,18,18,1,0,51,0,0,1.00,1,1.00,3.50,6,3,1,0,9,7,0,0.00%,0,230,2
com.naman14.timber.adapters.ArtistSongAdapter,1,19,4,2.92%,7,1,6,61,67,121,96,17,243,3,3,131,"310,742",2,0,0.00%,0,0.00%,0,0,2,2,123,137,0,442,160,4,2,133,4,0,38,7,0,2.00,2,1.25,5.86,5,6,2,4,43,82,0,3.79%,0,"3,236",28
com.naman14.timber.adapters.ArtistSongAdapter.ItemHolder,0,6,0,0.00%,1,1,23,57,80,121,10,6,243,2,1,131,"3,172",0,1,0.00%,0,0.00%,0,0,1,2,123,26,12,59,36,5,18,26,1,0,51,0,0,1.00,1,1.00,3.33,7,2,1,0,7,10,0,0.00%,0,305,3
com.naman14.timber.adapters.ArtistSongAdapter.SpacesItemDecoration,0,1,1,8.33%,1,1,1,21,22,0,4,0,0,2,1,132,227,0,0,0.00%,0,0.00%,0,0,1,1,1,12,0,15,11,1,0,11,0,0,16,1,0,1.00,1,2.50,1.00,1,0,1,0,2,2,0,9.09%,0,51,2
com.naman14.timber.adapters.BaseQueueAdapter,1,16,0,0.00%,3,1,6,49,55,121,83,14,243,2,4,131,"204,685",1,0,0.00%,0,0.00%,0,0,2,2,123,101,14,339,146,4,2,101,6,0,37,0,0,2.33,1,1.29,7.11,1,6,3,3,34,64,0,0.00%,0,"2,437",21
com.naman14.timber.adapters.BaseQueueAdapter.ItemHolder,0,5,0,0.00%,1,1,23,57,80,121,12,5,243,2,1,131,"3,840",0,1,0.00%,0,0.00%,0,0,1,2,123,32,14,61,34,5,18,32,1,0,51,0,0,1.00,1,1.00,3.50,7,3,1,0,7,14,0,0.00%,0,310,4
com.naman14.timber.adapters.BaseSongAdapter,0,17,3,7.50%,4,0,2,49,51,121,21,7,243,2,11,131,"9,319",1,0,100.00%,3,0.00%,0,0,7,2,123,40,6,84,34,0,2,37,6,5,36,1,1,1.43,4,2.14,1.71,9,5,2,3,12,12,5,8.11%,0,427,10
com.naman14.timber.adapters.BaseSongAdapter.ItemHolder,0,0,0,0.00%,0,1,18,55,73,0,2,0,0,2,0,0,45,0,0,100.00%,0,0.00%,0,0,0,1,1,5,1,7,6,0,18,5,0,0,51,0,0,1.00,1,1.00,1.00,1,0,0,0,2,1,0,0.00%,0,18,1
com.naman14.timber.adapters.FolderAdapter,1,13,3,2.36%,4,1,8,61,69,121,112,11,243,3,4,131,"332,331",2,1,0.00%,3,0.00%,0,0,2,2,123,127,22,414,140,6,2,124,7,0,42,3,0,2.36,2,1.00,5.27,3,5,2,6,47,58,0,2.42%,0,"2,951",26
com.naman14.timber.adapters.FolderAdapter.ItemHolder,0,8,0,0.00%,1,1,20,57,77,121,35,8,243,2,1,131,"27,272",0,1,0.00%,0,0.00%,0,0,1,2,123,48,22,128,65,2,18,48,1,0,51,0,0,3.67,8,1.00,9.67,20,4,1,0,13,29,0,0.00%,0,770,11
com.naman14.timber.adapters.FolderAdapter.NavigateTask,0,3,0,0.00%,2,0,0,30,30,121,11,3,243,2,1,131,"1,765",0,0,100.00%,0,0.00%,0,0,2,2,123,21,8,33,24,0,0,21,1,0,23,2,0,1.00,1,0.67,3.33,5,3,1,1,11,10,0,0.00%,0,151,3
com.naman14.timber.adapters.PlayingQueueAdapter,1,16,0,0.00%,4,1,7,51,58,121,78,14,243,2,3,131,"176,573",1,0,0.00%,0,0.00%,0,0,2,2,123,97,15,314,148,5,2,97,8,0,37,0,0,1.82,1,1.33,5.00,1,6,2,4,37,55,0,0.00%,0,"2,263",20
com.naman14.timber.adapters.PlayingQueueAdapter.ItemHolder,0,5,0,0.00%,1,1,24,57,81,121,12,5,243,2,1,131,"4,265",0,1,0.00%,0,0.00%,0,0,1,2,123,33,15,66,36,6,18,33,1,0,51,0,0,1.00,1,1.00,3.75,8,3,1,0,7,15,0,0.00%,0,341,4
com.naman14.timber.adapters.PlaylistAdapter,1,19,6,3.35%,2,1,11,49,60,121,108,18,243,2,2,131,"394,827",1,0,0.00%,3,0.00%,0,0,1,2,123,179,14,494,165,9,2,176,6,0,37,0,0,3.90,6,1.43,11.50,11,4,2,4,43,115,0,1.70%,0,"3,638",39
com.naman14.timber.adapters.PlaylistAdapter.ItemHolder,0,5,0,0.00%,1,1,22,57,79,121,12,5,243,2,1,131,"3,325",0,1,0.00%,0,0.00%,0,0,1,2,123,17,14,52,35,4,18,17,1,0,51,0,0,1.00,1,1.00,3.50,6,3,1,0,12,7,0,0.00%,0,266,2
com.naman14.timber.adapters.SearchAdapter,1,22,1,0.65%,4,1,4,57,61,121,82,20,243,3,3,131,"321,194",1,0,0.00%,0,0.00%,0,0,3,2,123,153,25,518,178,2,2,152,2,0,40,5,0,2.75,1,1.25,7.50,1,7,2,3,34,90,0,1.32%,0,"3,872",33
com.naman14.timber.adapters.SearchAdapter.ItemHolder,0,10,0,0.00%,1,1,28,57,85,121,19,10,243,2,1,131,"14,467",0,1,0.00%,0,0.00%,0,0,1,2,123,45,25,124,62,10,18,45,1,0,51,0,0,2.67,6,1.00,10.00,16,3,1,0,12,30,0,0.00%,0,738,8
com.naman14.timber.adapters.SlidingQueueAdapter,0,11,2,4.55%,2,1,6,48,54,121,34,8,243,2,4,131,"32,679",1,0,0.00%,0,0.00%,0,0,3,2,123,44,11,148,81,4,2,42,5,0,37,0,0,1.50,2,1.33,3.17,4,4,2,3,24,19,0,4.76%,0,938,9
com.naman14.timber.adapters.SlidingQueueAdapter.ItemHolder,0,4,0,0.00%,1,1,19,57,76,121,11,4,243,2,1,131,"2,503",0,1,0.00%,0,0.00%,0,0,1,2,123,32,11,47,26,1,18,32,1,0,51,0,0,1.00,1,1.00,2.40,3,2,1,0,7,12,0,0.00%,0,220,5
com.naman14.timber.adapters.SongsListAdapter,1,24,1,0.60%,7,1,11,63,74,121,112,17,243,3,8,131,"427,670",1,1,0.00%,0,0.00%,0,0,1,2,123,168,20,504,186,9,2,167,7,0,40,5,0,2.47,1,1.46,6.67,2,6,3,5,46,100,0,0.60%,0,"3,799",37
com.naman14.timber.adapters.SongsListAdapter.ItemHolder,0,7,0,0.00%,1,1,23,57,80,121,13,7,243,2,1,131,"5,046",0,1,0.00%,0,0.00%,0,0,1,2,123,34,16,71,42,5,18,34,1,0,51,0,0,1.00,1,1.00,3.50,7,3,1,0,7,14,0,0.00%,0,382,4
com.naman14.timber.cast.CastOptionsProvider,0,3,0,0.00%,0,0,0,16,16,0,10,3,5,1,0,0,"2,266",0,1,100.00%,0,0.00%,0,0,2,3,3,26,14,44,30,0,0,26,2,0,11,0,0,1.00,1,1.00,4.50,8,1,0,2,18,9,0,0.00%,0,215,2
com.naman14.timber.cast.ExpandedControlsActivity,0,5,0,0.00%,1,0,54,683,737,0,11,3,3,9,2,133,"1,384",0,16,100.00%,0,0.00%,0,0,2,2,2,14,8,27,23,0,54,14,0,0,505,2,0,1.00,1,1.00,3.00,4,0,2,1,10,6,0,0.00%,0,122,2
com.naman14.timber.cast.SimpleSessionManagerListener,0,1,3,13.04%,9,0,0,30,30,0,0,0,0,1,1,132,0,0,1,100.00%,3,0.00%,0,0,9,1,1,23,0,26,6,0,0,20,9,1,11,0,0,1.00,1,1.78,0.00,0,0,1,0,9,0,1,15.00%,0,67,9
com.naman14.timber.cast.TimberCastHelper,0,4,3,8.57%,1,0,0,13,13,121,16,3,243,1,1,131,"7,292",0,0,100.00%,3,0.00%,0,0,1,2,123,35,18,78,53,0,0,32,1,0,11,0,0,1.00,1,2.00,19.00,19,2,1,0,19,19,0,9.38%,0,446,1
com.naman14.timber.cast.WebServer,0,3,3,6.25%,0,1,10,36,46,121,22,2,243,2,1,131,"11,247",0,0,0.00%,0,0.00%,0,0,1,2,123,48,18,87,52,3,7,45,0,0,30,1,0,3.00,5,3.00,13.00,24,1,1,1,18,26,0,6.67%,0,495,6
com.naman14.timber.dataloaders.AlbumLoader,0,9,0,0.00%,0,0,0,18,18,121,44,2,243,1,7,131,"42,278",0,0,100.00%,0,0.00%,0,0,1,2,123,41,35,160,62,0,0,41,6,0,11,0,0,2.33,4,1.83,3.83,7,2,5,6,24,23,0,0.00%,0,952,14
com.naman14.timber.dataloaders.AlbumSongLoader,0,4,2,5.71%,0,0,1,14,15,121,23,2,243,1,2,131,"15,092",0,0,0.00%,0,0.00%,0,0,1,2,123,35,16,108,62,1,0,34,2,0,11,0,0,3.00,5,2.00,12.00,18,2,2,2,15,24,0,2.94%,0,643,6
com.naman14.timber.dataloaders.ArtistAlbumLoader,0,4,0,0.00%,0,0,0,13,13,121,8,2,243,1,2,131,962,0,0,100.00%,0,0.00%,0,0,1,2,123,14,2,27,20,0,0,14,1,0,11,0,0,4.00,4,2.00,8.00,8,2,2,1,4,8,0,0.00%,0,116,4
com.naman14.timber.dataloaders.ArtistLoader,0,9,0,0.00%,0,0,0,18,18,121,44,2,243,1,7,131,"38,384",0,0,100.00%,0,0.00%,0,0,1,2,123,41,31,146,58,0,0,41,6,0,11,0,0,2.33,4,1.83,3.83,7,2,3,6,24,23,0,0.00%,0,855,14
com.naman14.timber.dataloaders.ArtistSongLoader,0,5,0,0.00%,0,0,0,14,14,121,20,2,243,1,3,131,"11,408",0,0,100.00%,0,0.00%,0,0,1,2,123,29,16,94,58,0,0,29,2,0,11,0,0,2.50,4,2.00,10.50,16,2,2,2,15,21,0,0.00%,0,550,5
com.naman14.timber.dataloaders.FolderLoader,0,5,3,4.76%,0,0,1,16,17,0,47,3,3,1,2,132,"55,730",2,0,0.00%,3,0.00%,0,0,1,2,2,63,4,194,67,1,0,60,4,0,11,0,0,2.17,5,1.25,4.67,10,1,1,4,20,28,0,5.00%,0,"1,176",13
com.naman14.timber.dataloaders.FolderLoader.DirFirstComparator,0,1,0,0.00%,0,0,0,22,22,0,9,0,0,1,1,133,"1,165",0,1,100.00%,0,0.00%,0,0,1,1,1,11,4,28,19,0,0,11,1,0,18,0,0,3.00,3,2.00,5.00,5,0,1,1,2,5,0,0.00%,0,118,3
com.naman14.timber.dataloaders.FolderLoader.FilenameComparator,0,1,0,0.00%,0,0,0,22,22,0,4,0,0,1,1,133,186,0,1,100.00%,0,0.00%,0,0,1,1,1,6,3,12,11,0,0,6,1,0,18,0,0,1.00,1,2.00,1.00,1,0,1,1,3,1,0,0.00%,0,41,1
com.naman14.timber.dataloaders.LastAddedLoader,0,5,2,4.76%,0,0,1,14,15,121,28,2,243,1,3,131,"24,770",0,0,0.00%,0,0.00%,0,0,1,2,123,42,23,136,78,1,0,40,2,0,11,0,0,3.00,4,1.00,14.00,18,2,3,2,20,28,0,5.00%,0,854,6
com.naman14.timber.dataloaders.NowPlayingCursor,1,3,0,0.00%,3,1,10,125,135,121,109,2,243,2,1,131,"278,015",0,4,0.00%,0,0.00%,0,0,1,2,123,182,39,379,104,7,3,182,11,0,46,5,0,1.88,10,0.71,5.47,44,1,1,13,45,93,0,0.00%,0,"2,539",32
com.naman14.timber.dataloaders.PlaylistLoader,0,8,3,5.56%,2,0,2,16,18,121,34,3,243,1,5,131,"29,822",0,0,0.00%,0,0.00%,0,0,1,2,123,54,24,142,68,2,0,51,4,0,11,0,0,2.00,5,1.50,7.25,15,2,5,2,22,29,0,5.88%,0,864,8
com.naman14.timber.dataloaders.PlaylistSongLoader,0,5,1,0.76%,1,0,3,16,19,0,70,1,1,1,4,132,"156,543",0,0,0.00%,0,0.00%,0,0,1,2,2,131,60,329,107,3,0,130,4,0,11,0,0,4.75,11,2.25,16.50,40,1,4,3,28,66,0,0.77%,0,"2,217",19
com.naman14.timber.dataloaders.QueueLoader,0,6,0,0.00%,0,0,1,13,14,121,19,2,243,1,4,131,"8,401",0,0,0.00%,0,0.00%,0,0,1,2,123,26,12,82,42,1,0,26,1,0,11,0,0,4.00,4,1.00,18.00,18,2,2,1,11,18,0,0.00%,0,442,4
com.naman14.timber.dataloaders.SongLoader,1,15,0,0.00%,0,0,1,23,24,121,69,2,243,1,13,131,"177,187",0,0,0.00%,0,0.00%,0,0,2,2,123,117,61,370,121,1,0,117,11,1,11,0,0,2.00,4,1.91,6.82,17,2,7,11,36,75,1,0.00%,0,"2,559",22
com.naman14.timber.dataloaders.SortedCursor,0,2,35,25.74%,1,1,8,124,132,0,98,1,1,2,1,132,"133,051",0,4,0.00%,27,31.25%,0,0,2,2,2,136,35,215,77,5,3,101,13,0,49,2,0,1.50,6,1.00,2.69,20,0,1,14,46,43,0,34.65%,0,"1,347",24
com.naman14.timber.dataloaders.TopTracksLoader,0,10,0,0.00%,0,1,3,17,20,121,85,6,243,2,4,131,"104,226",1,0,0.00%,0,0.00%,0,0,1,2,123,78,34,200,69,3,0,78,4,0,11,0,0,3.40,4,1.40,9.20,18,2,3,4,27,46,0,0.00%,0,"1,221",17
com.naman14.timber.dataloaders.TopTracksLoader.QueryType,0,5,0,0.00%,0,0,2,25,27,0,0,0,0,n/a,5,132,0,0,2,0.00%,0,0.00%,0,0,2,1,1,4,n/a,2,2,2,0,4,2,n/a,20,0,0,n/a,n/a,0.50,n/a,n/a,0,4,2,2,0,n/a,0.00%,0,2,0
com.naman14.timber.dialogs.AddPlaylistDialog,0,13,3,7.69%,0,0,57,213,270,121,37,5,243,3,8,131,"21,514",0,6,100.00%,3,0.00%,0,0,2,2,123,39,23,99,54,0,57,36,2,0,198,1,0,1.50,2,1.00,5.50,7,4,2,3,15,22,0,8.33%,0,569,6
com.naman14.timber.dialogs.CreatePlaylistDialog,0,5,3,6.38%,0,0,57,214,271,121,29,4,243,3,2,131,"17,925",0,6,100.00%,3,0.00%,0,0,2,2,123,47,25,106,55,0,57,44,3,0,198,1,0,1.80,4,0.75,4.40,10,3,2,4,13,22,0,6.82%,0,612,9
com.naman14.timber.dialogs.LastFmLoginDialog,0,7,3,7.69%,0,0,1,151,152,121,23,7,243,3,1,131,"11,053",0,5,0.00%,3,0.00%,0,0,1,2,123,39,33,83,49,1,0,36,0,0,140,1,0,1.50,2,1.00,3.50,4,3,1,1,10,14,0,8.33%,0,466,6
com.naman14.timber.dialogs.StorageSelectDialog,0,5,3,6.25%,2,1,3,18,21,0,22,4,4,1,1,132,"11,316",1,1,0.00%,3,0.00%,0,0,3,2,2,48,14,88,50,3,0,45,4,0,11,0,0,1.14,1,1.00,2.29,2,1,1,2,17,16,0,6.67%,0,496,8
com.naman14.timber.dialogs.StorageSelectDialog.OnDirSelectListener,n/a,n/a,n/a,n/a,n/a,n/a,n/a,n/a,n/a,n/a,n/a,n/a,n/a,n/a,n/a,n/a,n/a,n/a,n/a,n/a,n/a,n/a,n/a,n/a,n/a,n/a,n/a,n/a,n/a,n/a,n/a,n/a,n/a,n/a,n/a,n/a,n/a,n/a,n/a,n/a,n/a,n/a,n/a,n/a,n/a,n/a,n/a,1,n/a,n/a,n/a,n/a,n/a,n/a
com.naman14.timber.fragments.AlbumDetailFragment,2,25,0,0.00%,10,0,65,194,259,121,127,23,243,2,3,131,"512,247",1,4,0.00%,0,0.00%,0,0,3,2,123,236,2,528,193,17,48,236,7,0,167,6,0,1.95,2,0.85,5.95,7,7,3,3,69,131,0,0.00%,0,"4,008",43
com.naman14.timber.fragments.AlbumDetailFragment.EnterTransitionListener,0,3,0,0.00%,2,0,0,24,24,0,4,3,246,2,0,0,211,0,1,100.00%,0,0.00%,0,0,1,3,124,9,2,14,11,0,0,9,0,0,14,2,0,1.00,1,1.00,1.00,1,3,0,0,4,2,0,0.00%,0,48,2
com.naman14.timber.fragments.AlbumFragment,0,17,0,0.00%,7,0,55,190,245,121,56,16,243,2,2,131,"105,753",2,4,0.00%,0,0.00%,0,0,3,2,123,115,7,278,104,7,48,115,4,0,168,5,0,1.91,8,1.00,6.36,32,6,1,2,41,70,0,0.88%,0,"1,862",21
com.naman14.timber.fragments.AlbumFragment.SpacesItemDecoration,0,1,0,0.00%,1,1,1,21,22,0,7,0,0,2,1,132,639,0,0,0.00%,0,0.00%,0,0,1,1,1,14,0,24,14,1,0,14,0,0,16,1,0,1.00,1,2.50,2.50,4,0,1,0,2,5,0,0.00%,0,91,2
com.naman14.timber.fragments.AlbumFragment.loadAlbums,0,4,1,5.26%,2,0,0,30,30,121,9,4,243,2,1,131,"1,076",0,0,100.00%,0,0.00%,0,0,2,2,123,19,7,27,17,0,0,18,1,0,23,2,0,1.67,2,0.67,2.00,3,4,1,1,8,6,0,5.56%,0,110,5
com.naman14.timber.fragments.ArtistBioFragment,0,11,0,0.00%,1,0,49,184,233,0,17,11,245,2,0,0,"7,330",0,4,0.00%,0,0.00%,0,0,1,4,124,44,17,75,48,1,48,44,1,0,171,2,0,1.14,2,1.67,2.43,5,7,0,2,18,17,0,0.00%,0,418,8
com.naman14.timber.fragments.ArtistDetailFragment,1,25,0,0.00%,7,0,56,191,247,121,101,23,243,2,3,131,"266,018",1,4,0.00%,0,0.00%,0,0,3,2,123,148,4,361,151,8,48,148,4,0,167,6,0,1.81,2,1.20,4.62,6,9,3,3,62,74,0,0.00%,0,"2,613",29
com.naman14.timber.fragments.ArtistDetailFragment.setBlurredAlbumArt,0,2,0,0.00%,2,0,0,30,30,121,10,2,243,2,1,131,"1,535",0,0,100.00%,0,0.00%,0,0,3,2,123,21,4,31,25,0,0,21,1,0,23,2,0,1.33,2,0.67,2.33,5,2,1,1,7,7,0,0.00%,0,143,4
com.naman14.timber.fragments.ArtistFragment,0,17,0,0.00%,7,0,54,190,244,121,58,16,243,2,2,131,"105,098",2,4,0.00%,0,0.00%,0,0,3,2,123,108,0,269,100,6,48,108,4,0,168,5,0,1.82,7,1.00,5.82,28,6,1,2,40,64,0,0.00%,0,"1,787",20
com.naman14.timber.fragments.ArtistFragment.SpacesItemDecoration,0,1,0,0.00%,1,1,1,21,22,0,7,0,0,2,1,132,639,0,0,0.00%,0,0.00%,0,0,1,1,1,14,0,24,14,1,0,14,0,0,16,1,0,1.00,1,2.50,2.50,4,0,1,0,2,5,0,0.00%,0,91,2
com.naman14.timber.fragments.ArtistFragment.loadArtists,0,4,0,0.00%,2,0,0,30,30,121,14,4,243,2,1,131,"2,022",0,0,100.00%,0,0.00%,0,0,2,2,123,21,8,34,19,0,0,21,1,0,23,2,0,2.00,3,0.67,2.67,5,4,1,1,9,8,0,0.00%,0,144,6
com.naman14.timber.fragments.ArtistMusicFragment,0,9,2,5.26%,2,0,51,185,236,121,26,8,243,2,1,131,"13,160",0,4,0.00%,0,0.00%,0,0,1,2,123,38,18,90,47,3,48,36,2,0,171,2,0,1.25,2,1.25,4.75,7,5,1,2,22,19,0,5.56%,0,499,5
com.naman14.timber.fragments.FoldersFragment,0,13,3,4.05%,6,0,52,190,242,121,52,12,243,2,2,131,"63,593",1,5,0.00%,3,0.00%,0,0,5,2,123,74,11,190,86,4,48,71,3,0,168,5,0,1.62,1,1.25,4.38,1,4,2,2,37,35,0,5.71%,0,"1,220",13
com.naman14.timber.fragments.FoldersFragment.loadFolders,0,4,1,3.85%,2,0,0,30,30,121,16,4,243,2,1,131,"3,195",0,0,100.00%,0,0.00%,0,0,2,2,123,26,11,42,27,0,0,25,1,0,23,2,0,1.67,2,0.67,4.00,7,4,1,1,14,12,0,4.00%,0,199,5
com.naman14.timber.fragments.MainFragment,0,13,0,0.00%,6,0,50,188,238,121,44,12,243,2,1,131,"47,845",1,4,0.00%,0,0.00%,0,0,3,2,123,61,6,169,82,2,48,61,1,0,167,6,0,1.43,1,1.00,4.57,1,2,1,1,38,32,0,0.00%,0,"1,074",10
com.naman14.timber.fragments.MainFragment.Adapter,0,1,0,0.00%,1,1,7,50,57,0,12,0,0,3,1,132,"2,086",0,0,0.00%,0,0.00%,0,0,1,1,1,23,6,38,21,2,5,23,3,0,38,1,0,1.00,1,1.00,1.20,2,0,1,3,10,6,0,0.00%,0,166,5
com.naman14.timber.fragments.PlaylistFragment,1,18,1,0.50%,13,0,60,196,256,121,102,17,243,2,2,131,"321,921",1,4,0.00%,0,0.00%,0,0,4,2,123,202,49,430,155,12,48,201,7,0,165,8,0,2.06,7,1.07,6.56,33,8,2,2,70,118,0,0.50%,0,"3,128",37
com.naman14.timber.fragments.PlaylistFragment.SpacesItemDecoration,0,1,0,0.00%,1,1,1,21,22,0,7,0,0,2,1,132,639,0,0,0.00%,0,0.00%,0,0,1,1,1,14,0,24,14,1,0,14,0,0,16,1,0,1.00,1,2.50,2.50,4,0,1,0,2,5,0,0.00%,0,91,2
com.naman14.timber.fragments.QueueFragment,0,11,0,0.00%,4,0,50,189,239,121,49,10,243,2,2,131,"47,957",1,5,0.00%,0,0.00%,0,0,5,2,123,39,18,152,81,2,48,39,3,0,171,2,0,1.40,2,1.00,4.00,2,5,2,1,24,20,0,0.00%,0,963,7
com.naman14.timber.fragments.QueueFragment.loadQueueSongs,0,9,0,0.00%,2,0,0,30,30,121,33,9,243,2,1,131,"11,455",0,0,100.00%,0,0.00%,0,0,2,2,123,31,18,65,38,0,0,31,1,0,23,2,0,1.00,1,0.67,4.00,11,6,1,1,15,16,0,0.00%,0,341,4
com.naman14.timber.fragments.SettingsFragment,0,11,13,6.91%,6,0,20,148,168,121,60,11,243,3,2,131,"155,584",0,4,0.00%,0,0.00%,0,0,3,2,123,188,109,363,133,20,0,175,4,0,130,2,0,1.40,5,0.83,6.13,17,4,2,0,33,92,0,9.30%,0,"2,561",21
com.naman14.timber.fragments.SimilarArtistFragment,0,8,0,0.00%,1,0,49,184,233,0,14,8,244,2,0,0,"4,280",0,4,0.00%,0,0.00%,0,0,1,4,124,32,12,56,38,1,48,32,1,0,171,2,0,1.20,2,1.67,2.40,5,5,0,2,15,12,0,0.00%,0,293,6
com.naman14.timber.fragments.SongsFragment,0,16,0,0.00%,7,0,51,193,244,121,40,15,243,2,2,131,"46,840",1,5,0.00%,0,0.00%,0,0,6,2,123,85,8,188,75,3,48,85,4,0,168,5,0,1.64,7,0.89,4.36,26,8,1,2,29,48,0,0.00%,0,"1,171",18
com.naman14.timber.fragments.SongsFragment.loadSongs,0,5,0,0.00%,2,0,0,30,30,121,10,5,243,2,1,131,"1,518",0,0,100.00%,0,0.00%,0,0,2,2,123,17,8,33,19,0,0,17,1,0,23,2,0,1.67,2,0.67,2.00,3,4,1,1,9,6,0,0.00%,0,140,5
com.naman14.timber.helpers.MediaButtonIntentReceiver,1,3,11,6.25%,4,0,12,36,48,121,88,3,243,3,1,131,"258,295",0,0,0.00%,10,0.00%,0,0,1,2,123,176,47,413,135,12,0,165,4,0,28,0,0,8.60,23,1.75,23.60,60,3,1,0,33,118,0,8.64%,0,"2,922",43
com.naman14.timber.helpers.MusicPlaybackTrack,0,7,5,8.77%,1,2,5,19,24,121,23,2,243,1,5,131,"12,790",0,1,0.00%,5,0.00%,0,0,2,2,123,57,10,100,43,5,0,52,2,0,10,1,0,1.29,3,1.60,2.86,5,1,2,2,11,20,0,9.62%,0,542,9
com.naman14.timber.lastfmapi.LastFmClient,1,25,1,0.95%,5,0,15,20,35,121,88,16,243,1,12,131,"313,194",1,0,0.00%,0,0.00%,0,0,1,2,123,105,39,475,174,15,0,104,8,0,11,0,0,1.29,2,1.12,3.29,6,4,7,3,26,46,0,3.96%,1,"3,535",18
com.naman14.timber.lastfmapi.LastFmClient.ScrobbleUploader,0,5,2,2.11%,2,1,3,15,18,121,59,5,243,1,1,131,"92,655",0,0,0.00%,0,0.00%,0,0,1,2,123,95,35,239,91,3,0,93,2,0,11,0,0,4.40,4,0.33,13.60,12,2,1,0,22,68,0,3.26%,0,"1,555",22
com.naman14.timber.lastfmapi.LastFmRestService,n/a,n/a,n/a,n/a,n/a,n/a,n/a,n/a,n/a,n/a,n/a,n/a,n/a,n/a,n/a,n/a,n/a,n/a,n/a,n/a,n/a,n/a,n/a,n/a,n/a,n/a,n/a,n/a,n/a,n/a,n/a,n/a,n/a,n/a,n/a,n/a,n/a,n/a,n/a,n/a,n/a,n/a,n/a,n/a,n/a,n/a,n/a,2,n/a,n/a,n/a,n/a,n/a,n/a
com.naman14.timber.lastfmapi.LastFmUserRestService,n/a,n/a,n/a,n/a,n/a,n/a,n/a,n/a,n/a,n/a,n/a,n/a,n/a,n/a,n/a,n/a,n/a,n/a,n/a,n/a,n/a,n/a,n/a,n/a,n/a,n/a,n/a,n/a,n/a,n/a,n/a,n/a,n/a,n/a,n/a,n/a,n/a,n/a,n/a,n/a,n/a,n/a,n/a,n/a,n/a,n/a,n/a,2,n/a,n/a,n/a,n/a,n/a,n/a
com.naman14.timber.lastfmapi.RestServiceFactory,0,2,1,2.78%,0,0,2,14,16,121,16,1,243,1,1,131,"6,917",0,0,0.00%,0,0.00%,0,0,2,2,123,36,19,77,47,2,0,35,2,0,11,0,0,1.33,2,3.00,3.33,5,1,1,2,15,10,0,5.88%,0,427,4
com.naman14.timber.lastfmapi.callbacks.AlbumInfoListener,n/a,n/a,n/a,n/a,n/a,n/a,n/a,n/a,n/a,n/a,n/a,n/a,n/a,n/a,n/a,n/a,n/a,n/a,n/a,n/a,n/a,n/a,n/a,n/a,n/a,n/a,n/a,n/a,n/a,n/a,n/a,n/a,n/a,n/a,n/a,n/a,n/a,n/a,n/a,n/a,n/a,n/a,n/a,n/a,n/a,n/a,n/a,2,n/a,n/a,n/a,n/a,n/a,n/a
com.naman14.timber.lastfmapi.callbacks.ArtistInfoListener,n/a,n/a,n/a,n/a,n/a,n/a,n/a,n/a,n/a,n/a,n/a,n/a,n/a,n/a,n/a,n/a,n/a,n/a,n/a,n/a,n/a,n/a,n/a,n/a,n/a,n/a,n/a,n/a,n/a,n/a,n/a,n/a,n/a,n/a,n/a,n/a,n/a,n/a,n/a,n/a,n/a,n/a,n/a,n/a,n/a,n/a,n/a,2,n/a,n/a,n/a,n/a,n/a,n/a
com.naman14.timber.lastfmapi.callbacks.UserListener,n/a,n/a,n/a,n/a,n/a,n/a,n/a,n/a,n/a,n/a,n/a,n/a,n/a,n/a,n/a,n/a,n/a,n/a,n/a,n/a,n/a,n/a,n/a,n/a,n/a,n/a,n/a,n/a,n/a,n/a,n/a,n/a,n/a,n/a,n/a,n/a,n/a,n/a,n/a,n/a,n/a,n/a,n/a,n/a,n/a,n/a,n/a,2,n/a,n/a,n/a,n/a,n/a,n/a
com.naman14.timber.lastfmapi.models.AlbumBio,0,0,0,0.00%,0,0,0,12,12,0,0,0,0,1,0,0,0,0,0,100.00%,0,100.00%,0,0,0,1,1,2,0,2,2,0,0,2,0,0,11,0,0,n/a,n/a,0.00,n/a,n/a,0,0,0,0,0,0,0.00%,0,2,0
com.naman14.timber.lastfmapi.models.AlbumInfo,0,3,0,0.00%,0,0,2,12,14,0,2,1,2,1,2,133,56,0,0,0.00%,0,100.00%,0,0,0,3,3,5,0,8,7,2,0,5,0,0,11,0,0,n/a,n/a,0.00,n/a,n/a,1,1,0,0,0,0,0.00%,0,22,0
com.naman14.timber.lastfmapi.models.AlbumQuery,0,2,0,0.00%,0,1,4,13,17,0,3,0,0,1,2,132,239,0,0,0.00%,0,0.00%,0,0,0,1,1,12,0,21,14,4,0,12,0,0,11,0,0,1.00,1,2.00,2.00,2,0,2,0,1,2,0,0.00%,0,79,1
com.naman14.timber.lastfmapi.models.AlbumTracks,0,0,0,0.00%,0,0,0,12,12,0,0,0,0,1,0,0,0,0,0,100.00%,0,100.00%,0,0,0,1,1,2,0,2,2,0,0,2,0,0,11,0,0,n/a,n/a,0.00,n/a,n/a,0,0,0,0,0,0,0.00%,0,2,0
com.naman14.timber.lastfmapi.models.ArtistBio,0,1,0,0.00%,0,0,8,12,20,0,2,0,0,1,1,137,240,0,0,0.00%,0,100.00%,0,0,0,1,1,14,0,26,13,8,0,14,0,0,11,0,0,n/a,n/a,0.00,n/a,n/a,0,1,0,0,0,0,0.00%,0,96,0
com.naman14.timber.lastfmapi.models.ArtistInfo,0,3,0,0.00%,0,0,2,12,14,0,2,1,6,1,2,133,56,0,0,0.00%,0,100.00%,0,0,0,4,5,5,0,8,7,2,0,5,0,0,11,0,0,n/a,n/a,0.00,n/a,n/a,1,1,0,0,0,0,0.00%,0,22,0
com.naman14.timber.lastfmapi.models.ArtistQuery,0,6,0,0.00%,0,1,2,13,15,0,3,0,0,1,6,132,119,0,0,0.00%,0,0.00%,0,0,0,1,1,8,0,12,10,2,0,8,0,0,11,0,0,1.00,1,1.00,1.00,1,0,3,0,1,1,0,0.00%,0,39,1
com.naman14.timber.lastfmapi.models.ArtistTag,0,1,0,0.00%,0,0,2,12,14,0,2,0,0,1,1,138,56,0,0,0.00%,0,100.00%,0,0,0,1,1,5,0,8,7,2,0,5,0,0,11,0,0,n/a,n/a,0.00,n/a,n/a,0,1,0,0,0,0,0.00%,0,22,0
com.naman14.timber.lastfmapi.models.Artwork,0,6,0,0.00%,0,0,4,12,16,0,2,0,0,1,6,140,110,0,0,0.00%,0,100.00%,0,0,0,1,1,8,0,14,9,4,0,8,0,0,11,0,0,n/a,n/a,0.00,n/a,n/a,0,4,0,0,0,0,0.00%,0,44,0
com.naman14.timber.lastfmapi.models.LastfmAlbum,0,4,1,16.67%,0,0,2,12,14,0,2,1,1,1,3,135,56,0,0,0.00%,0,100.00%,0,0,0,2,2,6,0,8,7,2,0,5,0,0,11,0,0,n/a,n/a,0.00,n/a,n/a,1,3,0,0,0,0,20.00%,0,22,0
com.naman14.timber.lastfmapi.models.LastfmArtist,0,11,0,0.00%,0,0,10,12,22,1,2,4,5,1,8,136,509,2,0,0.00%,0,100.00%,0,0,0,3,4,17,0,48,19,10,0,17,0,0,11,0,0,n/a,n/a,0.00,n/a,n/a,1,4,0,0,0,0,0.00%,0,203,0
com.naman14.timber.lastfmapi.models.LastfmArtist.ArtistTag,0,2,0,0.00%,0,0,2,12,14,0,2,1,1,1,1,137,41,0,0,0.00%,0,100.00%,0,0,0,2,2,5,0,8,6,2,0,5,0,0,11,0,0,n/a,n/a,0.00,n/a,n/a,1,1,0,0,0,0,0.00%,0,20,0
com.naman14.timber.lastfmapi.models.LastfmArtist.SimilarArtist,0,1,0,0.00%,0,0,2,12,14,1,2,1,5,1,1,136,41,0,0,0.00%,0,100.00%,0,0,0,3,4,5,0,8,6,2,0,5,0,0,11,0,0,n/a,n/a,0.00,n/a,n/a,1,1,0,0,0,0,0.00%,0,20,0
com.naman14.timber.lastfmapi.models.LastfmUserSession,0,4,3,8.82%,1,0,5,15,20,121,32,1,243,1,4,131,"14,960",0,0,0.00%,3,0.00%,0,0,1,2,123,34,9,89,37,5,0,31,3,0,11,0,0,1.67,2,0.67,5.00,7,1,3,2,9,15,0,9.68%,0,463,5
com.naman14.timber.lastfmapi.models.ScrobbleInfo,0,2,3,60.00%,0,0,0,12,12,0,0,0,0,1,2,132,0,0,0,100.00%,3,100.00%,0,0,0,1,1,5,0,2,2,0,0,2,0,0,11,0,0,n/a,n/a,0.00,n/a,n/a,0,1,0,0,0,0,150.00%,0,2,0
com.naman14.timber.lastfmapi.models.ScrobbleQuery,0,3,3,8.33%,0,2,7,15,22,0,10,0,0,1,3,132,"4,110",0,0,0.00%,3,0.00%,0,0,0,1,1,36,7,76,41,7,0,33,0,0,10,1,0,1.00,1,1.33,3.67,5,0,2,1,8,11,0,9.09%,0,407,3
com.naman14.timber.lastfmapi.models.UserLoginInfo,0,3,3,37.50%,0,0,2,12,14,121,2,1,243,1,2,131,56,0,0,0.00%,3,100.00%,0,0,0,2,123,8,0,8,7,2,0,5,0,0,11,0,0,n/a,n/a,0.00,n/a,n/a,1,1,0,0,0,0,60.00%,0,22,0
com.naman14.timber.lastfmapi.models.UserLoginQuery,0,2,3,15.79%,0,1,5,14,19,121,3,1,243,1,2,131,641,0,0,0.00%,3,0.00%,0,0,1,2,123,19,0,36,23,5,0,16,1,0,11,0,0,1.00,1,1.00,1.50,2,1,2,1,2,3,0,18.75%,0,162,2
com.naman14.timber.listeners.MusicStateListener,n/a,n/a,n/a,n/a,n/a,n/a,n/a,n/a,n/a,n/a,n/a,n/a,n/a,n/a,n/a,n/a,n/a,n/a,n/a,n/a,n/a,n/a,n/a,n/a,n/a,n/a,n/a,n/a,n/a,n/a,n/a,n/a,n/a,n/a,n/a,n/a,n/a,n/a,n/a,n/a,n/a,n/a,n/a,n/a,n/a,n/a,n/a,3,n/a,n/a,n/a,n/a,n/a,n/a
com.naman14.timber.listeners.SimplelTransitionListener,0,2,0,0.00%,5,0,0,22,22,0,2,0,0,1,2,132,65,0,1,100.00%,0,0.00%,0,0,5,1,1,14,0,14,5,0,0,14,5,2,11,0,0,1.00,1,1.00,0.00,0,0,2,0,5,0,2,0.00%,0,32,5
com.naman14.timber.models.Album,0,13,0,0.00%,0,2,6,14,20,0,6,0,0,1,13,132,"1,686",0,0,0.00%,0,0.00%,0,0,0,1,1,24,0,64,21,6,0,24,0,0,11,0,0,1.00,1,3.00,6.00,6,0,6,0,2,12,0,0.00%,0,281,2
com.naman14.timber.models.Artist,0,11,0,0.00%,0,2,4,14,18,0,5,0,0,1,11,132,"1,030",0,0,0.00%,0,0.00%,0,0,0,1,1,18,0,45,17,4,0,18,0,0,11,0,0,1.00,1,2.00,4.00,4,0,5,0,2,8,0,0.00%,0,183,2
com.naman14.timber.models.Playlist,0,8,0,0.00%,0,2,3,14,17,0,5,0,0,1,8,132,697,0,0,0.00%,0,0.00%,0,0,0,1,1,15,0,34,15,3,0,15,0,0,11,0,0,1.00,1,1.50,3.00,3,0,6,0,2,6,0,0.00%,0,132,2
com.naman14.timber.models.Song,0,35,0,0.00%,0,2,8,14,22,0,6,0,0,1,35,133,"2,398",0,0,0.00%,0,0.00%,0,0,0,1,1,30,0,83,25,8,0,30,0,0,11,0,0,1.00,1,4.00,8.00,8,0,9,0,2,16,0,0.00%,0,385,2
com.naman14.timber.nowplaying.BaseNowplayingFragment,8,27,6,1.09%,29,0,85,214,299,121,352,21,243,2,7,131,"3,948,710",1,5,0.00%,0,0.00%,0,0,9,2,123,551,10,"1,363",298,37,48,547,23,6,166,7,0,2.34,2,0.67,5.68,3,8,1,1,130,301,6,0.73%,0,"11,202",124
com.naman14.timber.nowplaying.BaseNowplayingFragment.loadQueueSongs,0,5,0,0.00%,2,0,0,30,30,121,15,5,243,2,1,131,"3,112",0,0,100.00%,0,0.00%,0,0,2,2,123,21,10,43,24,0,0,21,1,0,23,2,0,2.00,3,0.67,3.00,5,5,1,1,11,9,0,0.00%,0,197,6
com.naman14.timber.nowplaying.Timber1,0,8,0,0.00%,1,0,85,216,301,121,19,7,243,3,1,131,"6,305",0,5,100.00%,0,0.00%,0,0,2,2,123,35,20,60,44,0,85,35,0,0,199,2,0,1.25,2,1.50,3.75,6,3,1,1,16,15,0,0.00%,0,327,5
com.naman14.timber.nowplaying.Timber2,0,8,0,0.00%,3,0,86,218,304,121,48,7,243,3,2,131,"53,839",1,5,0.00%,0,0.00%,0,0,3,2,123,67,8,180,69,1,85,67,0,0,197,4,0,2.17,1,1.00,6.17,2,2,2,1,20,37,0,0.00%,0,"1,099",13
com.naman14.timber.nowplaying.Timber2.setBlurredAlbumArt,0,2,0,0.00%,2,0,0,30,30,121,18,2,243,2,1,131,"4,033",0,0,100.00%,0,0.00%,0,0,3,2,123,31,8,46,29,0,0,31,1,0,23,2,0,1.67,3,0.67,3.67,6,2,1,1,10,11,0,0.00%,0,223,5
com.naman14.timber.nowplaying.Timber3,0,5,0,0.00%,0,0,85,215,300,121,6,4,243,3,1,131,421,0,5,100.00%,0,0.00%,0,0,1,2,123,11,5,18,15,0,85,11,0,0,200,1,0,1.00,1,3.00,5.00,5,1,1,1,6,5,0,0.00%,0,70,1
com.naman14.timber.nowplaying.Timber4,0,10,0,0.00%,4,0,88,219,307,121,56,9,243,3,2,131,"74,019",1,5,0.00%,0,0.00%,0,0,3,2,123,77,8,206,81,3,85,77,1,0,197,4,0,2.00,1,0.80,6.14,4,4,2,1,28,43,0,0.00%,0,"1,306",14
com.naman14.timber.nowplaying.Timber4.setBlurredAlbumArt,0,2,0,0.00%,2,0,0,30,30,121,18,2,243,2,1,131,"4,033",0,0,100.00%,0,0.00%,0,0,3,2,123,31,8,46,29,0,0,31,1,0,23,2,0,1.67,3,0.67,3.67,6,2,1,1,10,11,0,0.00%,0,223,5
com.naman14.timber.nowplaying.Timber5,0,10,3,3.75%,4,0,88,219,307,121,56,9,243,3,2,131,"74,019",1,5,0.00%,3,0.00%,0,0,3,2,123,80,8,206,81,3,85,77,1,0,197,4,0,2.00,1,0.80,6.14,4,4,2,1,28,43,0,3.90%,0,"1,306",14
com.naman14.timber.nowplaying.Timber5.setBlurredAlbumArt,0,2,0,0.00%,2,0,0,30,30,121,18,2,243,2,1,131,"4,033",0,0,100.00%,0,0.00%,0,0,3,2,123,31,8,46,29,0,0,31,1,0,23,2,0,1.67,3,0.67,3.67,6,2,1,1,10,11,0,0.00%,0,223,5
com.naman14.timber.nowplaying.Timber6,0,11,3,3.53%,3,0,87,218,305,121,47,10,243,3,1,131,"52,811",0,5,0.00%,3,0.00%,0,0,1,2,123,85,60,180,74,2,85,82,0,0,197,4,0,2.14,2,0.75,6.57,6,6,1,1,29,46,0,3.66%,0,"1,117",15
com.naman14.timber.permissions.Nammu,1,6,59,24.18%,7,0,6,28,34,0,82,3,3,1,3,132,"243,639",0,0,0.00%,41,62.50%,0,0,2,3,3,244,84,430,115,6,0,185,16,0,11,0,0,2.94,13,1.31,7.00,36,1,2,9,49,112,0,31.89%,0,"2,943",47
com.naman14.timber.permissions.PermissionCallback,n/a,n/a,n/a,n/a,n/a,n/a,n/a,n/a,n/a,n/a,n/a,n/a,n/a,n/a,n/a,n/a,n/a,n/a,n/a,n/a,n/a,n/a,n/a,n/a,n/a,n/a,n/a,n/a,n/a,n/a,n/a,n/a,n/a,n/a,n/a,n/a,n/a,n/a,n/a,n/a,n/a,n/a,n/a,n/a,n/a,n/a,n/a,2,n/a,n/a,n/a,n/a,n/a,n/a
com.naman14.timber.permissions.PermissionListener,n/a,n/a,n/a,n/a,n/a,n/a,n/a,n/a,n/a,n/a,n/a,n/a,n/a,n/a,n/a,n/a,n/a,n/a,n/a,n/a,n/a,n/a,n/a,n/a,n/a,n/a,n/a,n/a,n/a,n/a,n/a,n/a,n/a,n/a,n/a,n/a,n/a,n/a,n/a,n/a,n/a,n/a,n/a,n/a,n/a,n/a,n/a,3,n/a,n/a,n/a,n/a,n/a,n/a
com.naman14.timber.permissions.PermissionRequest,0,2,0,0.00%,0,2,4,19,23,0,13,1,1,1,1,133,"3,863",0,0,0.00%,0,0.00%,0,0,3,2,2,39,1,64,25,4,0,39,3,0,9,2,0,1.43,3,0.57,2.14,5,1,1,5,9,15,0,0.00%,0,297,10
com.naman14.timber.provider.MusicDB,0,4,0,0.00%,3,1,4,33,37,121,78,4,243,2,4,131,"49,440",0,0,0.00%,0,0.00%,0,0,2,2,123,37,26,116,43,4,0,37,3,0,21,1,0,1.20,2,1.80,3.40,4,1,1,1,23,17,0,0.00%,0,629,6
com.naman14.timber.provider.MusicPlaybackState,1,7,4,2.86%,4,1,2,20,22,121,99,6,243,1,2,131,"266,559",2,0,0.00%,3,0.00%,0,0,2,2,123,140,0,396,107,2,0,136,7,0,11,0,0,2.75,5,1.50,11.50,13,3,2,3,43,92,0,2.94%,0,"2,669",22
com.naman14.timber.provider.MusicPlaybackState.PlaybackHistoryColumns,0,1,0,0.00%,0,0,2,12,14,0,2,0,0,1,1,132,51,0,0,0.00%,0,100.00%,0,0,0,1,1,4,0,10,6,2,0,4,0,0,11,0,0,n/a,n/a,0.00,n/a,n/a,0,1,0,0,0,0,0.00%,0,25,0
com.naman14.timber.provider.MusicPlaybackState.PlaybackQueueColumns,0,1,0,0.00%,0,0,5,12,17,0,2,0,0,1,1,132,139,0,0,0.00%,0,100.00%,0,0,0,1,1,7,0,22,9,5,0,7,0,0,11,0,0,n/a,n/a,0.00,n/a,n/a,0,1,0,0,0,0,0.00%,0,69,0
com.naman14.timber.provider.RecentStore,0,5,0,0.00%,6,1,3,21,24,121,70,2,243,1,4,131,"97,991",1,0,0.00%,0,0.00%,0,0,3,2,123,86,32,223,75,3,0,86,8,0,11,0,0,1.67,6,1.33,4.56,28,1,4,2,30,41,0,3.61%,0,"1,389",15
com.naman14.timber.provider.RecentStore.RecentStoreColumns,n/a,n/a,n/a,n/a,n/a,n/a,n/a,n/a,n/a,n/a,n/a,n/a,n/a,n/a,n/a,n/a,n/a,n/a,n/a,n/a,n/a,n/a,n/a,n/a,n/a,n/a,n/a,n/a,n/a,n/a,n/a,n/a,n/a,n/a,n/a,n/a,n/a,n/a,n/a,n/a,n/a,n/a,n/a,n/a,n/a,n/a,n/a,0,n/a,n/a,n/a,n/a,n/a,n/a
com.naman14.timber.provider.SearchHistory,0,3,0,0.00%,4,1,3,20,23,121,81,2,243,1,2,131,"118,110",1,0,0.00%,0,0.00%,0,0,3,2,123,90,34,224,87,3,0,90,7,0,11,0,0,2.00,5,1.38,5.62,25,1,2,3,38,45,0,3.45%,0,"1,443",16
com.naman14.timber.provider.SearchHistory.SearchHistoryColumns,n/a,n/a,n/a,n/a,n/a,n/a,n/a,n/a,n/a,n/a,n/a,n/a,n/a,n/a,n/a,n/a,n/a,n/a,n/a,n/a,n/a,n/a,n/a,n/a,n/a,n/a,n/a,n/a,n/a,n/a,n/a,n/a,n/a,n/a,n/a,n/a,n/a,n/a,n/a,n/a,n/a,n/a,n/a,n/a,n/a,n/a,n/a,0,n/a,n/a,n/a,n/a,n/a,n/a
com.naman14.timber.provider.SongPlayCount,3,6,134,36.81%,10,1,10,30,40,121,172,3,243,1,4,131,"914,905",1,0,0.00%,84,77.78%,0,0,3,2,123,364,107,720,166,10,0,230,17,0,11,0,0,2.67,14,1.33,8.61,48,1,4,7,60,155,0,61.78%,0,"5,310",48
com.naman14.timber.provider.SongPlayCount.SongPlayCountColumns,n/a,n/a,n/a,n/a,n/a,n/a,n/a,n/a,n/a,n/a,n/a,n/a,n/a,n/a,n/a,n/a,n/a,n/a,n/a,n/a,n/a,n/a,n/a,n/a,n/a,n/a,n/a,n/a,n/a,n/a,n/a,n/a,n/a,n/a,n/a,n/a,n/a,n/a,n/a,n/a,n/a,n/a,n/a,n/a,n/a,n/a,n/a,0,n/a,n/a,n/a,n/a,n/a,n/a
com.naman14.timber.slidinguppanel.SlidingUpPanelLayout,12,11,278,29.20%,29,3,43,883,926,1,373,9,11,3,3,133,"6,927,766",6,5,81.40%,246,43.55%,0,0,6,3,4,952,29,"2,133",412,43,0,678,42,0,735,17,0,2.54,1,0.98,6.22,3,1,2,30,170,392,0,49.69%,0,"18,528",160
com.naman14.timber.slidinguppanel.SlidingUpPanelLayout.DragHelperCallback,0,4,6,6.98%,4,0,0,32,32,1,54,4,11,2,1,133,"69,307",0,0,100.00%,0,0.00%,0,0,4,3,4,86,29,208,69,0,0,80,1,0,17,6,0,3.29,8,2.43,6.86,19,1,1,3,24,48,0,7.50%,0,"1,270",23
com.naman14.timber.slidinguppanel.SlidingUpPanelLayout.LayoutParams,0,1,0,0.00%,0,6,8,36,44,0,11,0,0,3,1,134,"2,514",0,0,0.00%,0,0.00%,0,0,0,1,1,25,8,47,24,1,7,25,0,0,22,0,0,1.00,1,1.17,1.33,3,0,1,0,12,8,0,0.00%,0,215,6
com.naman14.timber.slidinguppanel.SlidingUpPanelLayout.PanelSlideListener,n/a,n/a,n/a,n/a,n/a,n/a,n/a,n/a,n/a,n/a,n/a,n/a,n/a,n/a,n/a,n/a,n/a,n/a,n/a,n/a,n/a,n/a,n/a,n/a,n/a,n/a,n/a,n/a,n/a,n/a,n/a,n/a,n/a,n/a,n/a,n/a,n/a,n/a,n/a,n/a,n/a,n/a,n/a,n/a,n/a,n/a,n/a,5,n/a,n/a,n/a,n/a,n/a,n/a
com.naman14.timber.slidinguppanel.SlidingUpPanelLayout.SavedState,0,2,0,0.00%,1,2,2,27,29,0,17,1,1,3,1,134,"3,505",0,1,0.00%,0,0.00%,0,0,1,2,2,30,7,43,27,2,0,30,0,0,13,1,0,1.00,1,1.33,1.80,4,1,1,0,10,9,0,0.00%,0,204,5
com.naman14.timber.slidinguppanel.SlidingUpPanelLayout.SimplePanelSlideListener,0,1,4,19.05%,5,0,0,22,22,0,0,1,1,1,0,0,0,0,1,100.00%,4,0.00%,0,0,5,2,2,21,0,15,6,0,0,17,5,0,11,0,0,1.00,1,1.20,0.00,0,1,0,0,5,0,0,23.53%,0,38,5
com.naman14.timber.slidinguppanel.SlidingUpPanelLayout.SlideState,0,3,3,30.00%,0,0,5,25,30,0,0,0,0,n/a,3,135,0,0,2,0.00%,3,0.00%,0,0,2,1,1,10,n/a,2,2,5,0,7,2,n/a,20,0,0,n/a,n/a,0.50,n/a,n/a,0,1,2,2,0,n/a,42.86%,0,2,0
com.naman14.timber.slidinguppanel.ViewDragHelper,13,4,383,35.14%,17,1,39,61,100,0,407,2,2,1,2,134,"8,206,256",1,0,33.33%,346,71.43%,0,0,2,2,2,"1,090",242,"2,415",324,39,0,711,48,0,11,0,0,3.08,5,1.84,9.16,10,1,1,31,120,467,0,90.56%,1,"20,140",157
com.naman14.timber.slidinguppanel.ViewDragHelper.Callback,0,2,139,80.81%,6,0,0,25,25,0,9,0,0,1,2,135,"2,290",0,0,100.00%,139,100.00%,0,0,13,1,1,172,n/a,71,12,0,0,33,12,1,11,0,0,1.00,1,2.08,0.50,1,0,1,7,13,6,1,421.21%,0,254,12
com.naman14.timber.subfragments.ArtistTagFragment,0,3,0,0.00%,0,0,49,183,232,0,7,2,2,2,1,1,931,0,4,0.00%,0,0.00%,0,0,2,2,2,16,3,29,22,1,48,16,1,0,172,1,0,1.00,1,2.00,3.50,5,0,1,2,6,7,0,0.00%,0,129,2
com.naman14.timber.subfragments.LyricsFragment,0,8,3,3.75%,3,0,51,186,237,121,49,7,243,2,1,131,"54,123",0,4,0.00%,3,0.00%,0,0,1,2,123,80,44,171,88,3,48,77,3,0,171,2,0,1.86,3,0.80,6.14,8,2,1,2,35,43,0,3.90%,0,"1,104",13
com.naman14.timber.subfragments.PlaylistPagerFragment,1,12,0,0.00%,2,0,65,186,251,121,83,11,243,2,2,131,"250,911",1,4,0.00%,0,0.00%,0,0,2,2,123,86,44,415,149,17,48,86,3,0,171,2,0,2.33,6,1.20,8.67,11,4,2,3,26,52,0,0.00%,0,"2,995",14
com.naman14.timber.subfragments.PlaylistPagerFragment.loadPlaylistImage,0,12,1,1.25%,2,0,0,30,30,121,51,12,243,2,1,131,"65,164",0,0,100.00%,0,0.00%,0,0,2,2,123,80,44,204,71,0,0,80,1,0,23,2,0,5.00,17,0.67,13.25,50,4,1,1,25,53,0,0.00%,0,"1,254",20
com.naman14.timber.subfragments.QuickControlsFragment,1,15,0,0.00%,9,0,70,194,264,121,126,14,243,2,3,131,"453,786",1,5,0.00%,0,0.00%,0,0,5,2,123,233,8,490,157,22,48,233,5,0,168,5,0,1.56,1,0.30,4.00,2,6,2,1,53,108,0,0.00%,0,"3,574",42
com.naman14.timber.subfragments.QuickControlsFragment.setBlurredAlbumArt,0,2,0,0.00%,2,0,0,30,30,121,18,2,243,2,1,131,"4,033",0,0,100.00%,0,0.00%,0,0,3,2,123,31,8,46,29,0,0,31,1,0,23,2,0,1.67,3,0.67,3.67,6,2,1,1,10,11,0,0.00%,0,223,5
com.naman14.timber.subfragments.StyleSelectorFragment,0,8,0,0.00%,3,0,53,186,239,121,22,7,243,2,2,131,"13,020",0,4,0.00%,0,0.00%,0,0,1,2,123,58,20,98,57,5,48,58,3,0,171,2,0,1.38,2,1.00,3.12,5,3,2,2,22,25,0,0.00%,0,571,11
com.naman14.timber.subfragments.SubStyleSelectorFragment,0,9,0,0.00%,5,0,56,190,246,121,66,9,243,2,1,131,"141,534",0,4,0.00%,0,0.00%,0,0,1,2,123,145,86,302,130,8,48,145,7,0,171,2,0,2.58,9,0.56,7.17,29,3,1,4,46,86,0,0.00%,0,"2,120",31
com.naman14.timber.timely.TimelyView,0,6,1,1.11%,4,3,6,606,612,0,68,5,17,2,1,132,"117,807",0,3,0.00%,0,0.00%,0,0,3,5,5,90,40,261,96,6,0,89,5,0,580,2,0,1.33,4,1.30,4.17,14,2,1,3,38,50,0,1.12%,0,"1,718",16
com.naman14.timber.timely.animation.TimelyEvaluator,0,2,0,0.00%,1,0,1,15,16,0,35,1,1,1,1,133,"13,616",0,1,0.00%,0,0.00%,0,0,1,2,2,18,1,76,32,1,0,18,2,0,11,0,0,2.00,2,2.00,5.00,8,0,1,1,2,10,0,0.00%,0,380,4
com.naman14.timber.timely.model.NumberUtils,0,13,0,0.00%,0,0,0,13,13,0,12,12,13,1,1,133,"4,250",0,0,100.00%,0,0.00%,0,0,1,4,4,30,22,68,37,0,0,30,1,0,11,0,0,13.00,13,1.00,25.00,25,2,1,1,14,25,0,0.00%,0,354,13
com.naman14.timber.timely.model.core.Figure,0,13,4,21.05%,0,1,3,15,18,0,7,1,1,1,12,145,"1,270",0,0,0.00%,3,0.00%,0,0,2,2,2,19,n/a,36,23,3,0,15,2,11,11,0,0,1.00,1,0.33,1.33,2,0,2,2,3,4,11,26.67%,0,162,3
com.naman14.timber.timely.model.number.Eight,0,2,0,0.00%,0,1,4,17,21,0,16,1,2,2,1,134,"3,296",0,0,0.00%,0,0.00%,0,0,1,3,3,16,1,44,22,2,2,16,1,0,13,0,0,1.00,1,0.00,1.00,1,1,1,1,3,2,0,0.00%,0,196,2
com.naman14.timber.timely.model.number.Five,0,2,0,0.00%,0,1,4,17,21,0,9,1,2,2,1,134,"2,015",0,0,0.00%,0,0.00%,0,0,1,3,3,16,1,44,30,2,2,16,1,0,13,0,0,1.00,1,0.00,1.00,1,1,1,1,3,2,0,0.00%,0,215,2
com.naman14.timber.timely.model.number.Four,0,2,0,0.00%,0,1,4,17,21,0,21,1,2,2,1,134,"3,993",0,0,0.00%,0,0.00%,0,0,1,3,3,16,1,44,20,2,2,16,1,0,13,0,0,1.00,1,0.00,1.00,1,1,1,1,3,2,0,0.00%,0,190,2
com.naman14.timber.timely.model.number.Nine,0,2,0,0.00%,0,1,4,17,21,0,8,1,2,2,1,134,"1,984",0,0,0.00%,0,0.00%,0,0,1,3,3,16,1,45,34,2,2,16,1,0,13,0,0,1.00,1,0.00,1.00,1,1,1,1,3,2,0,0.00%,0,228,2
com.naman14.timber.timely.model.number.Null,0,2,0,0.00%,0,1,4,17,21,0,56,1,2,2,1,134,"9,845",0,0,0.00%,0,0.00%,0,0,1,3,3,16,1,45,15,2,2,16,1,0,13,0,0,1.00,1,0.00,1.00,1,1,1,1,3,2,0,0.00%,0,175,2
com.naman14.timber.timely.model.number.One,0,2,0,0.00%,0,1,4,17,21,0,28,1,2,2,1,134,"5,137",0,0,0.00%,0,0.00%,0,0,1,3,3,16,1,44,18,2,2,16,1,0,13,0,0,1.00,1,0.00,1.00,1,1,1,1,3,2,0,0.00%,0,183,2
com.naman14.timber.timely.model.number.Seven,0,2,0,0.00%,0,1,4,17,21,0,15,1,2,2,1,134,"3,039",0,0,0.00%,0,0.00%,0,0,1,3,3,16,1,44,23,2,2,16,1,0,13,0,0,1.00,1,0.00,1.00,1,1,1,1,3,2,0,0.00%,0,199,2
com.naman14.timber.timely.model.number.Six,0,2,0,0.00%,0,1,4,17,21,0,8,1,2,2,1,134,"1,775",0,0,0.00%,0,0.00%,0,0,1,3,3,16,1,44,33,2,2,16,1,0,13,0,0,1.00,1,0.00,1.00,1,1,1,1,3,2,0,0.00%,0,221,2
com.naman14.timber.timely.model.number.Three,0,2,0,0.00%,0,1,4,17,21,0,8,1,2,2,1,134,"1,927",0,0,0.00%,0,0.00%,0,0,1,3,3,16,1,44,31,2,2,16,1,0,13,0,0,1.00,1,0.00,1.00,1,1,1,1,3,2,0,0.00%,0,217,2
com.naman14.timber.timely.model.number.Two,0,2,0,0.00%,0,1,4,17,21,0,7,1,2,2,1,134,"1,709",0,0,0.00%,0,0.00%,0,0,1,3,3,16,1,44,34,2,2,16,1,0,13,0,0,1.00,1,0.00,1.00,1,1,1,1,3,2,0,0.00%,0,223,2
com.naman14.timber.timely.model.number.Zero,0,2,0,0.00%,0,1,4,17,21,0,15,1,2,2,1,134,"3,039",0,0,0.00%,0,0.00%,0,0,1,3,3,16,1,44,23,2,2,16,1,0,13,0,0,1.00,1,0.00,1.00,1,1,1,1,3,2,0,0.00%,0,199,2
com.naman14.timber.transition.PlayTransition,3,4,0,0.00%,4,2,5,72,77,0,181,4,5,2,0,0,"1,029,299",3,1,0.00%,0,0.00%,0,0,2,3,3,185,1,740,205,5,0,185,9,0,52,2,0,1.25,1,1.38,7.00,1,1,0,7,66,112,0,0.00%,0,"5,682",20
com.naman14.timber.transition.PlayTransition.AnimatorListenerWrapper,0,1,0,0.00%,4,1,2,23,25,0,16,0,0,1,1,2,"2,127",0,1,0.00%,0,0.00%,0,0,1,1,1,24,4,33,15,2,0,24,4,0,13,0,0,1.00,1,1.20,1.20,2,0,1,0,9,6,0,0.00%,0,128,5
com.naman14.timber.transition.PlayTransition.NoOverlapView,0,1,0,0.00%,0,1,0,598,598,0,4,0,0,2,1,1,186,0,3,100.00%,0,0.00%,0,0,1,1,1,9,1,12,11,0,0,9,0,0,581,1,0,1.00,1,0.50,1.00,1,0,1,1,3,2,0,0.00%,0,41,2
com.naman14.timber.transition.PlayTransition.NoPauseAnimator,0,2,0,0.00%,11,1,2,58,60,0,78,1,1,2,1,1,"55,619",0,1,0.00%,0,0.00%,0,0,1,2,2,94,24,127,49,2,0,94,6,0,17,13,0,1.10,2,0.35,1.40,4,1,1,8,47,28,0,0.00%,0,713,22
com.naman14.timber.utils.ATEUtils,0,3,4,5.06%,3,0,0,16,16,0,54,0,0,1,3,132,"60,225",0,0,100.00%,3,0.00%,0,0,2,1,1,79,34,174,80,0,0,75,4,0,11,0,0,3.75,12,2.25,10.75,34,0,1,1,29,43,0,5.33%,0,"1,100",15
com.naman14.timber.utils.Constants,0,19,0,0.00%,0,0,39,12,51,0,2,0,0,1,19,132,"2,283",0,0,0.00%,0,100.00%,0,0,0,1,1,41,0,164,43,39,0,41,0,0,11,0,0,n/a,n/a,0.00,n/a,n/a,0,6,0,0,0,0,0.00%,0,889,0
com.naman14.timber.utils.FabAnimationUtils,0,4,2,2.15%,5,0,2,17,19,0,80,3,3,1,1,1,"96,197",1,0,0.00%,0,0.00%,0,0,1,2,2,93,46,213,49,2,0,91,5,0,11,0,0,1.59,2,2.00,2.24,3,1,1,0,22,38,0,4.49%,0,"1,195",27
com.naman14.timber.utils.FabAnimationUtils.ScaleCallback,n/a,n/a,n/a,n/a,n/a,n/a,n/a,n/a,n/a,n/a,n/a,n/a,n/a,n/a,n/a,n/a,n/a,n/a,n/a,n/a,n/a,n/a,n/a,n/a,n/a,n/a,n/a,n/a,n/a,n/a,n/a,n/a,n/a,n/a,n/a,n/a,n/a,n/a,n/a,n/a,n/a,n/a,n/a,n/a,n/a,n/a,n/a,2,n/a,n/a,n/a,n/a,n/a,n/a
com.naman14.timber.utils.Helpers,0,17,0,0.00%,1,0,0,14,14,0,22,1,3,1,16,135,"9,688",1,0,100.00%,0,0.00%,0,0,2,3,3,16,13,74,53,0,0,16,2,0,11,0,0,2.00,2,1.00,4.00,1,1,6,1,11,8,0,0.00%,0,423,4
com.naman14.timber.utils.Helpers.AboutDialog,0,3,0,0.00%,0,1,57,212,269,0,12,2,2,3,1,136,"2,357",0,6,100.00%,0,0.00%,0,0,1,2,2,21,13,38,32,0,57,21,0,0,198,1,0,1.00,1,0.50,4.00,8,0,1,1,14,8,0,0.00%,0,190,2
com.naman14.timber.utils.ImageUtils,0,17,0,0.00%,4,0,2,17,19,121,55,10,243,1,7,131,"68,069",0,0,0.00%,0,0.00%,0,0,2,2,123,87,43,192,82,2,0,87,5,0,11,0,0,1.18,2,2.80,2.73,16,5,4,1,40,30,0,0.00%,0,"1,220",13
com.naman14.timber.utils.LyricsExtractor,2,2,5,2.49%,0,0,0,19,19,0,124,1,1,1,1,132,"649,330",0,0,100.00%,3,0.00%,0,0,1,2,2,201,77,721,151,0,0,196,7,0,11,0,0,5.71,13,1.43,24.43,62,0,1,7,29,171,0,2.55%,0,"5,218",40
com.naman14.timber.utils.LyricsLoader,0,2,4,6.67%,1,1,4,15,19,0,28,1,1,1,1,132,"20,472",1,0,0.00%,3,0.00%,0,0,2,2,2,60,21,118,71,4,0,56,2,0,11,0,0,1.33,2,1.67,3.83,11,1,1,1,18,23,0,9.09%,0,725,8
com.naman14.timber.utils.LyricsLoader.LyricsRestService,n/a,n/a,n/a,n/a,n/a,n/a,n/a,n/a,n/a,n/a,n/a,n/a,n/a,n/a,n/a,n/a,n/a,n/a,n/a,n/a,n/a,n/a,n/a,n/a,n/a,n/a,n/a,n/a,n/a,n/a,n/a,n/a,n/a,n/a,n/a,n/a,n/a,n/a,n/a,n/a,n/a,n/a,n/a,n/a,n/a,n/a,n/a,1,n/a,n/a,n/a,n/a,n/a,n/a
com.naman14.timber.utils.NavigationUtils,0,40,1,0.79%,10,0,0,26,26,121,61,18,243,1,25,131,"131,794",0,0,100.00%,0,0.00%,0,0,11,2,123,127,55,322,101,0,0,126,14,0,11,0,0,2.07,8,2.00,6.07,15,4,7,4,42,85,0,0.79%,0,"2,143",29
com.naman14.timber.utils.PreferencesUtility,1,41,1,0.49%,19,1,31,56,87,121,45,9,243,1,33,131,"168,432",0,0,0.00%,1,2.27%,0,0,2,2,123,205,75,527,125,31,0,204,43,0,11,0,0,1.11,4,0.50,1.80,8,2,11,24,67,79,0,0.49%,0,"3,670",49
com.naman14.timber.utils.SlideTrackSwitcher,0,4,3,9.38%,6,1,4,21,25,121,37,2,243,1,3,131,"29,734",1,1,0.00%,3,0.00%,0,0,5,2,123,32,21,137,58,4,0,29,7,2,11,0,0,1.00,1,0.38,0.75,1,2,3,1,14,6,2,10.34%,0,802,8
com.naman14.timber.utils.SlideTrackSwitcher.SwipeListener,0,2,0,0.00%,0,0,0,37,37,121,26,2,243,2,1,131,"12,176",0,3,100.00%,0,0.00%,0,0,4,2,123,45,18,88,40,0,0,45,0,0,17,4,0,2.25,6,1.75,5.50,17,2,1,4,15,22,0,0.00%,0,468,9
com.naman14.timber.utils.SortOrder,0,5,8,66.67%,0,1,0,13,13,0,3,0,0,1,5,132,"1,881",6,0,100.00%,8,100.00%,0,0,0,1,1,12,0,90,40,0,0,4,0,0,11,0,0,1.00,1,0.00,0.00,0,0,2,0,1,0,0,-125.00%,0,478,1
com.naman14.timber.utils.SortOrder.AlbumSongSortOrder,n/a,n/a,n/a,n/a,n/a,n/a,n/a,n/a,n/a,n/a,n/a,n/a,n/a,n/a,n/a,n/a,n/a,n/a,n/a,n/a,n/a,n/a,n/a,n/a,n/a,n/a,n/a,n/a,n/a,n/a,n/a,n/a,n/a,n/a,n/a,n/a,n/a,n/a,n/a,n/a,n/a,n/a,n/a,n/a,n/a,n/a,n/a,0,n/a,n/a,n/a,n/a,n/a,n/a
com.naman14.timber.utils.SortOrder.AlbumSortOrder,n/a,n/a,n/a,n/a,n/a,n/a,n/a,n/a,n/a,n/a,n/a,n/a,n/a,n/a,n/a,n/a,n/a,n/a,n/a,n/a,n/a,n/a,n/a,n/a,n/a,n/a,n/a,n/a,n/a,n/a,n/a,n/a,n/a,n/a,n/a,n/a,n/a,n/a,n/a,n/a,n/a,n/a,n/a,n/a,n/a,n/a,n/a,0,n/a,n/a,n/a,n/a,n/a,n/a
com.naman14.timber.utils.SortOrder.ArtistAlbumSortOrder,n/a,n/a,n/a,n/a,n/a,n/a,n/a,n/a,n/a,n/a,n/a,n/a,n/a,n/a,n/a,n/a,n/a,n/a,n/a,n/a,n/a,n/a,n/a,n/a,n/a,n/a,n/a,n/a,n/a,n/a,n/a,n/a,n/a,n/a,n/a,n/a,n/a,n/a,n/a,n/a,n/a,n/a,n/a,n/a,n/a,n/a,n/a,0,n/a,n/a,n/a,n/a,n/a,n/a
com.naman14.timber.utils.SortOrder.ArtistSongSortOrder,n/a,n/a,n/a,n/a,n/a,n/a,n/a,n/a,n/a,n/a,n/a,n/a,n/a,n/a,n/a,n/a,n/a,n/a,n/a,n/a,n/a,n/a,n/a,n/a,n/a,n/a,n/a,n/a,n/a,n/a,n/a,n/a,n/a,n/a,n/a,n/a,n/a,n/a,n/a,n/a,n/a,n/a,n/a,n/a,n/a,n/a,n/a,0,n/a,n/a,n/a,n/a,n/a,n/a
com.naman14.timber.utils.SortOrder.ArtistSortOrder,n/a,n/a,n/a,n/a,n/a,n/a,n/a,n/a,n/a,n/a,n/a,n/a,n/a,n/a,n/a,n/a,n/a,n/a,n/a,n/a,n/a,n/a,n/a,n/a,n/a,n/a,n/a,n/a,n/a,n/a,n/a,n/a,n/a,n/a,n/a,n/a,n/a,n/a,n/a,n/a,n/a,n/a,n/a,n/a,n/a,n/a,n/a,0,n/a,n/a,n/a,n/a,n/a,n/a
com.naman14.timber.utils.SortOrder.SongSortOrder,n/a,n/a,n/a,n/a,n/a,n/a,n/a,n/a,n/a,n/a,n/a,n/a,n/a,n/a,n/a,n/a,n/a,n/a,n/a,n/a,n/a,n/a,n/a,n/a,n/a,n/a,n/a,n/a,n/a,n/a,n/a,n/a,n/a,n/a,n/a,n/a,n/a,n/a,n/a,n/a,n/a,n/a,n/a,n/a,n/a,n/a,n/a,0,n/a,n/a,n/a,n/a,n/a,n/a
com.naman14.timber.utils.TimberUtils,2,49,12,4.51%,8,0,1,38,39,121,131,11,243,1,40,131,"744,993",2,0,0.00%,0,0.00%,0,0,14,2,123,266,132,717,237,1,0,256,26,0,11,0,0,1.60,8,1.46,4.37,34,4,12,18,102,131,0,3.91%,0,"5,656",48
com.naman14.timber.utils.TimberUtils.IdType,0,20,0,0.00%,0,1,5,27,32,0,8,0,0,n/a,20,132,"1,159",0,2,0.00%,0,0.00%,0,0,2,1,1,18,n/a,30,22,5,0,18,3,n/a,20,0,0,2.00,3,0.75,2.50,4,0,5,3,5,5,n/a,0.00%,0,133,4
com.naman14.timber.utils.TimberUtils.PlaylistType,0,3,0,0.00%,0,1,5,27,32,0,6,2,2,n/a,1,132,"1,018",0,2,0.00%,0,0.00%,0,0,2,2,2,19,n/a,35,24,5,0,19,3,n/a,20,0,0,2.00,3,1.00,3.00,4,0,1,3,4,6,n/a,0.00%,0,160,4
com.naman14.timber.widgets.BaseRecyclerView,0,9,0,0.00%,2,3,75,"1,074","1,149",0,40,1,4,4,8,132,"20,488",0,9,0.00%,0,0.00%,0,0,2,4,4,45,21,91,47,2,73,45,1,0,945,1,0,1.50,3,2.00,3.00,7,1,1,0,21,18,0,0.00%,0,505,9
com.naman14.timber.widgets.BubbleTextGetter,n/a,n/a,n/a,n/a,n/a,n/a,n/a,n/a,n/a,n/a,n/a,n/a,n/a,n/a,n/a,n/a,n/a,n/a,n/a,n/a,n/a,n/a,n/a,n/a,n/a,n/a,n/a,n/a,n/a,n/a,n/a,n/a,n/a,n/a,n/a,n/a,n/a,n/a,n/a,n/a,n/a,n/a,n/a,n/a,n/a,n/a,n/a,1,n/a,n/a,n/a,n/a,n/a,n/a
com.naman14.timber.widgets.CircleImageView,1,3,0,0.00%,16,3,23,678,701,0,127,2,2,3,1,132,"458,138",0,3,0.00%,0,0.00%,0,0,2,2,2,212,84,499,148,23,0,212,11,0,625,10,0,1.67,4,0.96,4.54,22,0,1,5,77,109,0,0.00%,0,"3,597",40
com.naman14.timber.widgets.CircularSeekBar,7,4,343,38.03%,25,3,74,636,710,1,259,3,3,2,2,133,"3,484,401",1,3,70.27%,302,62.50%,0,0,1,1,2,902,204,"1,635",298,74,0,587,32,0,577,5,0,2.45,35,0.65,8.93,126,1,2,12,111,357,0,54.45%,1,"13,438",98
com.naman14.timber.widgets.CircularSeekBar.OnCircularSeekBarChangeListener,n/a,n/a,n/a,n/a,n/a,n/a,n/a,n/a,n/a,n/a,n/a,n/a,n/a,n/a,n/a,n/a,n/a,n/a,n/a,n/a,n/a,n/a,n/a,n/a,n/a,n/a,n/a,n/a,n/a,n/a,n/a,n/a,n/a,n/a,n/a,n/a,n/a,n/a,n/a,n/a,n/a,n/a,n/a,n/a,n/a,n/a,n/a,3,n/a,n/a,n/a,n/a,n/a,n/a
com.naman14.timber.widgets.DividerItemDecoration,0,12,1,1.39%,5,2,5,26,31,121,67,3,243,2,9,131,"90,816",0,0,0.00%,0,0.00%,0,0,1,2,123,72,36,216,75,5,0,71,3,0,15,2,0,1.86,2,2.14,5.86,12,1,3,0,30,41,0,1.41%,0,"1,345",13
com.naman14.timber.widgets.DragSortRecycler,2,4,45,15.05%,14,0,20,41,61,0,142,2,2,2,2,132,"792,133",2,1,0.00%,10,10.53%,0,0,3,2,2,299,99,749,174,20,0,263,17,0,15,2,0,2.71,11,1.32,7.33,36,1,2,5,62,154,0,13.69%,0,"5,574",57
com.naman14.timber.widgets.DragSortRecycler.OnDragStateChangedListener,n/a,n/a,n/a,n/a,n/a,n/a,n/a,n/a,n/a,n/a,n/a,n/a,n/a,n/a,n/a,n/a,n/a,n/a,n/a,n/a,n/a,n/a,n/a,n/a,n/a,n/a,n/a,n/a,n/a,n/a,n/a,n/a,n/a,n/a,n/a,n/a,n/a,n/a,n/a,n/a,n/a,n/a,n/a,n/a,n/a,n/a,n/a,2,n/a,n/a,n/a,n/a,n/a,n/a
com.naman14.timber.widgets.DragSortRecycler.OnItemMovedListener,n/a,n/a,n/a,n/a,n/a,n/a,n/a,n/a,n/a,n/a,n/a,n/a,n/a,n/a,n/a,n/a,n/a,n/a,n/a,n/a,n/a,n/a,n/a,n/a,n/a,n/a,n/a,n/a,n/a,n/a,n/a,n/a,n/a,n/a,n/a,n/a,n/a,n/a,n/a,n/a,n/a,n/a,n/a,n/a,n/a,n/a,n/a,1,n/a,n/a,n/a,n/a,n/a,n/a
com.naman14.timber.widgets.FastScroller,1,10,1,0.83%,7,3,8,868,876,1,106,5,5,4,6,133,"293,360",1,5,0.00%,0,0.00%,0,0,1,1,2,120,7,393,130,8,0,119,7,0,784,2,0,1.79,1,1.50,5.21,5,1,2,2,48,73,0,0.84%,0,"2,759",25
com.naman14.timber.widgets.FastScroller.ScrollListener,0,1,0,0.00%,1,0,0,16,16,1,26,1,5,2,1,133,"8,787",0,0,100.00%,0,0.00%,0,0,1,1,2,22,7,67,33,0,0,22,0,0,12,1,0,4.00,4,3.00,15.00,15,1,1,0,8,15,0,0.00%,0,337,4
com.naman14.timber.widgets.MultiViewPager,0,5,30,22.90%,8,2,63,926,989,0,73,2,2,4,3,132,"118,824",0,5,66.67%,27,30.00%,0,0,1,2,2,131,32,245,95,6,57,101,6,0,822,2,0,2.10,6,1.80,5.30,19,0,2,0,33,53,0,29.70%,0,"1,609",21
com.naman14.timber.widgets.MusicVisualizer,0,6,7,13.46%,3,2,3,602,605,0,34,0,0,2,6,132,"28,201",0,3,0.00%,3,0.00%,0,0,2,1,1,52,38,141,59,3,0,45,2,0,580,2,0,1.29,3,1.17,3.00,6,0,1,1,23,21,0,18.18%,0,829,9
com.naman14.timber.widgets.PlayPauseButton,1,5,118,45.91%,11,3,13,612,625,0,107,3,3,2,2,132,"335,866",3,3,92.31%,100,93.75%,0,0,3,2,2,257,2,453,117,13,0,139,9,0,578,4,0,1.18,1,0.75,4.24,3,1,2,2,44,72,0,97.69%,0,"3,112",20
com.naman14.timber.widgets.PlayPauseButton.OnControlStatusChangeListener,n/a,n/a,n/a,n/a,n/a,n/a,n/a,n/a,n/a,n/a,n/a,n/a,n/a,n/a,n/a,n/a,n/a,n/a,n/a,n/a,n/a,n/a,n/a,n/a,n/a,n/a,n/a,n/a,n/a,n/a,n/a,n/a,n/a,n/a,n/a,n/a,n/a,n/a,n/a,n/a,n/a,n/a,n/a,n/a,n/a,n/a,n/a,1,n/a,n/a,n/a,n/a,n/a,n/a
com.naman14.timber.widgets.PlayPauseButton.Point,0,1,6,21.43%,2,0,2,18,20,0,13,0,0,1,1,133,"3,206",0,0,0.00%,6,0.00%,0,0,2,1,1,28,2,54,23,2,0,22,6,0,11,0,0,1.00,1,1.00,1.00,1,0,1,4,6,6,0,27.27%,0,244,6
com.naman14.timber.widgets.PlayPauseButton.SavedState,0,1,3,11.11%,1,2,2,27,29,0,13,0,0,3,1,133,"2,327",0,1,0.00%,3,0.00%,0,0,1,1,1,27,5,38,24,2,0,24,0,0,13,1,0,1.00,1,1.33,1.40,2,0,1,0,8,7,0,12.50%,0,174,5
com.naman14.timber.widgets.PlayPauseDrawable,1,1,19,12.75%,8,1,8,85,93,0,84,0,0,2,1,132,"203,904",0,0,0.00%,3,8.33%,0,0,2,1,1,149,65,358,106,8,0,130,10,0,66,1,0,1.80,4,0.75,4.60,33,0,1,3,45,69,0,14.62%,0,"2,408",27
com.naman14.timber.widgets.PopupImageView,0,0,3,11.11%,1,4,0,659,659,0,16,0,0,3,0,0,"4,048",0,3,100.00%,3,0.00%,0,0,1,1,1,27,15,50,29,0,0,24,1,0,636,0,0,1.20,2,2.00,2.20,3,0,0,0,14,11,0,12.50%,0,242,6
com.naman14.timber.widgets.SquareImageView,0,0,0,0.00%,1,3,0,658,658,0,10,0,0,3,0,0,"1,301",0,3,100.00%,0,0.00%,0,0,1,1,1,16,7,30,18,0,0,16,0,0,634,1,0,1.00,1,2.00,1.25,2,0,0,0,10,5,0,0.00%,0,125,4
com.naman14.timber.widgets.TextDrawable,1,3,7,7.00%,4,1,11,116,127,4,90,2,4,3,3,4,"296,865",4,0,0.00%,0,0.00%,0,0,4,1,5,100,7,464,132,11,0,93,3,0,90,6,0,1.70,1,0.60,4.90,1,1,1,5,45,49,0,7.53%,0,"3,268",17
com.naman14.timber.widgets.TextDrawable.Builder,0,4,0,0.00%,0,1,12,47,59,4,14,4,4,1,1,4,"15,468",0,3,0.00%,0,0.00%,0,0,11,1,5,105,7,180,54,12,0,105,17,0,11,0,0,1.00,1,0.89,2.56,11,1,1,17,23,46,0,0.00%,0,"1,035",18
com.naman14.timber.widgets.TextDrawable.IBuilder,n/a,n/a,n/a,n/a,n/a,n/a,n/a,n/a,n/a,n/a,n/a,n/a,n/a,n/a,n/a,n/a,n/a,n/a,n/a,n/a,n/a,n/a,n/a,n/a,n/a,n/a,n/a,n/a,n/a,n/a,n/a,n/a,n/a,n/a,n/a,n/a,n/a,n/a,n/a,n/a,n/a,n/a,n/a,n/a,n/a,n/a,n/a,1,n/a,n/a,n/a,n/a,n/a,n/a
com.naman14.timber.widgets.TextDrawable.IConfigBuilder,n/a,n/a,n/a,n/a,n/a,n/a,n/a,n/a,n/a,n/a,n/a,n/a,n/a,n/a,n/a,n/a,n/a,n/a,n/a,n/a,n/a,n/a,n/a,n/a,n/a,n/a,n/a,n/a,n/a,n/a,n/a,n/a,n/a,n/a,n/a,n/a,n/a,n/a,n/a,n/a,n/a,n/a,n/a,n/a,n/a,n/a,n/a,9,n/a,n/a,n/a,n/a,n/a,n/a
com.naman14.timber.widgets.TextDrawable.IShapeBuilder,n/a,n/a,n/a,n/a,n/a,n/a,n/a,n/a,n/a,n/a,n/a,n/a,n/a,n/a,n/a,n/a,n/a,n/a,n/a,n/a,n/a,n/a,n/a,n/a,n/a,n/a,n/a,n/a,n/a,n/a,n/a,n/a,n/a,n/a,n/a,n/a,n/a,n/a,n/a,n/a,n/a,n/a,n/a,n/a,n/a,n/a,n/a,7,n/a,n/a,n/a,n/a,n/a,n/a
com.naman14.timber.widgets.ThemedPreferenceCategory,0,1,3,12.00%,1,3,1,137,138,0,21,1,4,4,0,0,"4,309",0,1,0.00%,3,0.00%,0,0,1,4,4,25,8,43,24,1,0,22,0,0,119,1,0,1.00,1,1.75,2.25,3,1,0,0,12,9,0,13.64%,0,197,4
com.naman14.timber.widgets.desktop.BaseWidget,0,3,3,8.33%,4,0,3,44,47,0,35,1,244,3,2,3,"17,496",0,0,0.00%,3,0.00%,0,0,1,3,124,36,n/a,89,48,3,0,33,1,2,33,2,0,1.33,2,2.60,4.67,7,1,1,1,19,14,3,9.09%,0,497,4
com.naman14.timber.widgets.desktop.SmallWidget,0,8,3,5.45%,1,0,0,46,46,0,29,8,245,4,0,0,"18,159",0,0,100.00%,3,0.00%,0,0,2,4,125,55,24,106,56,0,0,52,2,0,37,0,0,4.00,7,2.00,9.00,17,3,0,1,19,18,0,5.77%,0,615,8
com.naman14.timber.widgets.desktop.StandardWidget,0,9,3,4.35%,1,0,0,46,46,0,33,8,245,4,1,1,"26,255",0,0,100.00%,3,0.00%,0,0,2,4,125,69,30,131,65,0,0,66,2,1,37,0,0,4.50,8,2.00,11.00,21,3,1,1,20,22,1,4.55%,0,788,9
com.naman14.timber.widgets.desktop.WhiteWidget,0,3,3,33.33%,0,0,0,47,47,0,2,3,246,5,0,0,38,0,0,100.00%,3,0.00%,0,0,1,5,126,9,0,6,6,0,0,6,0,0,38,1,0,1.00,1,0.00,1.00,1,1,0,1,1,1,0,50.00%,0,15,1



